step,1_1_L1,1_2_L1,2_1_L1,2_2_L1
1,0.0002,0.0002,0.0002,0.0000,
2,0.0005,0.0005,0.0007,0.0002,
3,0.0005,0.0005,0.0010,0.0005,
4,0.0007,0.0007,0.0012,0.0007,
5,0.0010,0.0010,0.0020,0.0012,
6,0.0015,0.0015,0.0022,0.0012,
7,0.0015,0.0015,0.0024,0.0015,
8,0.0017,0.0017,0.0027,0.0017,
9,0.0020,0.0020,0.0034,0.0020,
10,0.0022,0.0022,0.0037,0.0020,
11,0.0022,0.0022,0.0039,0.0022,
12,0.0024,0.0024,0.0042,0.0027,
13,0.0029,0.0029,0.0049,0.0029,
14,0.0032,0.0029,0.0051,0.0029,
15,0.0032,0.0032,0.0054,0.0032,
16,0.0034,0.0034,0.0056,0.0034,
17,0.0037,0.0037,0.0063,0.0037,
18,0.0037,0.0037,0.0066,0.0037,
19,0.0039,0.0039,0.0068,0.0039,
20,0.0042,0.0042,0.0073,0.0044,
21,0.0046,0.0046,0.0076,0.0046,
22,0.0046,0.0046,0.0081,0.0046,
23,0.0049,0.0049,0.0083,0.0049,
24,0.0051,0.0051,0.0088,0.0051,
25,0.0054,0.0054,0.0090,0.0054,
26,0.0054,0.0054,0.0095,0.0054,
27,0.0056,0.0056,0.0098,0.0059,
28,0.0059,0.0061,0.0103,0.0061,
29,0.0063,0.0063,0.0105,0.0063,
30,0.0063,0.0063,0.0107,0.0063,
31,0.0066,0.0066,0.0115,0.0066,
32,0.0422,0.0413,0.0488,0.0417,
33,0.0422,0.0415,0.0491,0.0420,
34,0.0425,0.0415,0.0496,0.0420,
35,0.0430,0.0417,0.0500,0.0422,
36,0.0432,0.0420,0.0503,0.0427,
37,0.0432,0.0422,0.0505,0.0430,
38,0.0435,0.0422,0.0513,0.0430,
39,0.0437,0.0425,0.0515,0.0432,
40,0.0439,0.0430,0.0518,0.0435,
41,0.0439,0.0432,0.0522,0.0437,
42,0.0442,0.0432,0.0527,0.0437,
43,0.0447,0.0435,0.0530,0.0442,
44,0.0449,0.0437,0.0532,0.0444,
45,0.0449,0.0439,0.0537,0.0447,
46,0.0452,0.0439,0.0540,0.0447,
47,0.0454,0.0442,0.0544,0.0449,
48,0.0454,0.0447,0.0549,0.0452,
49,0.0457,0.0447,0.0552,0.0454,
50,0.0461,0.0449,0.0554,0.0454,
51,0.0464,0.0452,0.0559,0.0459,
52,0.0464,0.0454,0.0564,0.0461,
53,0.0466,0.0454,0.0566,0.0464,
54,0.0469,0.0457,0.0569,0.0464,
55,0.0471,0.0461,0.0576,0.0466,
56,0.0471,0.0464,0.0579,0.0469,
57,0.0474,0.0464,0.0581,0.0471,
58,0.0479,0.0466,0.0586,0.0471,
59,0.0481,0.0469,0.0588,0.0476,
60,0.0481,0.0471,0.0593,0.0479,
61,0.0483,0.0471,0.0598,0.0481,
62,0.0486,0.0474,0.0601,0.0481,
63,0.0486,0.0479,0.0603,0.0483,
64,0.0833,0.0820,0.0959,0.0837,
65,0.0835,0.0823,0.0962,0.0842,
66,0.0837,0.0825,0.0964,0.0842,
67,0.0837,0.0830,0.0969,0.0845,
68,0.0840,0.0833,0.0972,0.0847,
69,0.0845,0.0833,0.0977,0.0850,
70,0.0847,0.0835,0.0981,0.0852,
71,0.0847,0.0837,0.0984,0.0852,
72,0.0850,0.0840,0.0986,0.0854,
73,0.0852,0.0840,0.0994,0.0859,
74,0.0854,0.0845,0.0996,0.0862,
75,0.0854,0.0847,0.0999,0.0862,
76,0.0857,0.0850,0.1003,0.0864,
77,0.0862,0.0852,0.1008,0.0867,
78,0.0864,0.0852,0.1011,0.0869,
79,0.0864,0.0854,0.1016,0.0874,
80,0.0867,0.0857,0.1018,0.0874,
81,0.0869,0.0862,0.1023,0.0876,
82,0.0872,0.0862,0.1028,0.0879,
83,0.0874,0.0864,0.1030,0.0881,
84,0.0874,0.0867,0.1033,0.0881,
85,0.0879,0.0869,0.1040,0.0884,
86,0.0881,0.0872,0.1042,0.0886,
87,0.0884,0.0872,0.1045,0.0891,
88,0.0884,0.0876,0.1050,0.0894,
89,0.0886,0.0879,0.1052,0.0894,
90,0.0889,0.0881,0.1057,0.0896,
91,0.0894,0.0881,0.1062,0.0898,
92,0.0894,0.0884,0.1064,0.0901,
93,0.0896,0.0886,0.1067,0.0901,
94,0.0898,0.0889,0.1074,0.0906,
95,0.0901,0.0889,0.1077,0.0908,
96,0.1245,0.1240,0.1433,0.1262,
97,0.1248,0.1240,0.1436,0.1265,
98,0.1250,0.1245,0.1440,0.1265,
99,0.1250,0.1248,0.1445,0.1267,
100,0.1252,0.1250,0.1448,0.1270,
101,0.1255,0.1250,0.1450,0.1274,
102,0.1257,0.1252,0.1455,0.1274,
103,0.1257,0.1255,0.1460,0.1277,
104,0.1262,0.1257,0.1462,0.1279,
105,0.1265,0.1257,0.1465,0.1282,
106,0.1265,0.1262,0.1467,0.1282,
107,0.1267,0.1265,0.1475,0.1284,
108,0.1270,0.1267,0.1477,0.1287,
109,0.1272,0.1267,0.1479,0.1292,
110,0.1272,0.1270,0.1487,0.1292,
111,0.1277,0.1272,0.1489,0.1294,
112,0.1279,0.1272,0.1492,0.1296,
113,0.1282,0.1277,0.1494,0.1299,
114,0.1282,0.1279,0.1499,0.1299,
115,0.1284,0.1282,0.1504,0.1301,
116,0.1287,0.1282,0.1506,0.1306,
117,0.1289,0.1284,0.1509,0.1309,
118,0.1289,0.1287,0.1514,0.1309,
119,0.1294,0.1289,0.1519,0.1311,
120,0.1296,0.1289,0.1521,0.1313,
121,0.1296,0.1294,0.1523,0.1316,
122,0.1299,0.1296,0.1528,0.1316,
123,0.1301,0.1299,0.1531,0.1318,
124,0.1304,0.1299,0.1536,0.1323,
125,0.1304,0.1301,0.1541,0.1326,
126,0.1309,0.1304,0.1543,0.1326,
127,0.1311,0.1309,0.1545,0.1328,
128,0.1653,0.1650,0.1904,0.1680,
129,0.1655,0.1653,0.1907,0.1682,
130,0.1658,0.1655,0.1909,0.1682,
131,0.1663,0.1655,0.1914,0.1685,
132,0.1663,0.1660,0.1919,0.1689,
133,0.1665,0.1663,0.1924,0.1692,
134,0.1667,0.1665,0.1926,0.1694,
135,0.1670,0.1667,0.1929,0.1694,
136,0.1670,0.1667,0.1936,0.1697,
137,0.1672,0.1670,0.1938,0.1699,
138,0.1677,0.1672,0.1941,0.1702,
139,0.1680,0.1677,0.1946,0.1702,
140,0.1680,0.1677,0.1951,0.1707,
141,0.1682,0.1680,0.1953,0.1709,
142,0.1685,0.1682,0.1958,0.1711,
143,0.1687,0.1685,0.1960,0.1711,
144,0.1687,0.1685,0.1963,0.1714,
145,0.1689,0.1687,0.1970,0.1716,
146,0.1694,0.1689,0.1973,0.1719,
147,0.1697,0.1694,0.1975,0.1719,
148,0.1697,0.1694,0.1982,0.1724,
149,0.1699,0.1697,0.1985,0.1726,
150,0.1702,0.1699,0.1987,0.1729,
151,0.1704,0.1702,0.1992,0.1731,
152,0.1704,0.1704,0.1995,0.1731,
153,0.1709,0.1704,0.2000,0.1733,
154,0.1711,0.1709,0.2004,0.1738,
155,0.1714,0.1711,0.2007,0.1741,
156,0.1714,0.1714,0.2012,0.1741,
157,0.1716,0.1714,0.2017,0.1743,
158,0.1719,0.1716,0.2019,0.1746,
159,0.1721,0.1719,0.2024,0.1748,
160,0.2065,0.2063,0.2378,0.2100,
161,0.2068,0.2065,0.2385,0.2102,
162,0.2070,0.2068,0.2388,0.2107,
163,0.2070,0.2070,0.2390,0.2109,
164,0.2073,0.2070,0.2395,0.2109,
165,0.2078,0.2073,0.2400,0.2112,
166,0.2080,0.2078,0.2402,0.2114,
167,0.2080,0.2080,0.2407,0.2117,
168,0.2083,0.2083,0.2410,0.2117,
169,0.2085,0.2083,0.2415,0.2122,
170,0.2087,0.2085,0.2417,0.2124,
171,0.2087,0.2087,0.2422,0.2126,
172,0.2092,0.2092,0.2424,0.2126,
173,0.2095,0.2092,0.2427,0.2129,
174,0.2097,0.2095,0.2434,0.2131,
175,0.2097,0.2097,0.2437,0.2134,
176,0.2100,0.2100,0.2439,0.2139,
177,0.2102,0.2100,0.2446,0.2139,
178,0.2104,0.2102,0.2449,0.2141,
179,0.2104,0.2104,0.2451,0.2144,
180,0.2109,0.2109,0.2454,0.2146,
181,0.2112,0.2109,0.2458,0.2146,
182,0.2114,0.2112,0.2463,0.2148,
183,0.2114,0.2114,0.2468,0.2153,
184,0.2117,0.2117,0.2471,0.2156,
185,0.2119,0.2117,0.2473,0.2156,
186,0.2122,0.2119,0.2480,0.2158,
187,0.2122,0.2124,0.2483,0.2161,
188,0.2126,0.2126,0.2485,0.2163,
189,0.2129,0.2126,0.2490,0.2163,
190,0.2131,0.2129,0.2495,0.2166,
191,0.2131,0.2131,0.2498,0.2170,
192,0.2478,0.2473,0.2852,0.2524,
193,0.2480,0.2478,0.2854,0.2524,
194,0.2480,0.2480,0.2859,0.2527,
195,0.2483,0.2483,0.2864,0.2529,
196,0.2485,0.2483,0.2866,0.2532,
197,0.2488,0.2485,0.2869,0.2532,
198,0.2488,0.2488,0.2874,0.2534,
199,0.2493,0.2493,0.2878,0.2539,
200,0.2495,0.2493,0.2881,0.2542,
201,0.2495,0.2495,0.2883,0.2542,
202,0.2498,0.2498,0.2888,0.2544,
203,0.2500,0.2500,0.2891,0.2546,
204,0.2502,0.2500,0.2896,0.2549,
205,0.2502,0.2502,0.2900,0.2549,
206,0.2505,0.2505,0.2903,0.2554,
207,0.2510,0.2510,0.2905,0.2556,
208,0.2512,0.2510,0.2910,0.2559,
209,0.2512,0.2512,0.2915,0.2559,
210,0.2515,0.2515,0.2917,0.2561,
211,0.2517,0.2517,0.2922,0.2563,
212,0.2520,0.2517,0.2927,0.2566,
213,0.2520,0.2520,0.2930,0.2566,
214,0.2524,0.2524,0.2935,0.2571,
215,0.2527,0.2527,0.2937,0.2573,
216,0.2529,0.2527,0.2942,0.2576,
217,0.2529,0.2529,0.2944,0.2576,
218,0.2532,0.2532,0.2949,0.2578,
219,0.2534,0.2534,0.2952,0.2581,
220,0.2534,0.2534,0.2954,0.2585,
221,0.2537,0.2537,0.2959,0.2585,
222,0.2542,0.2542,0.2964,0.2588,
223,0.2544,0.2544,0.2966,0.2590,
224,0.2886,0.2888,0.3323,0.2947,
225,0.2888,0.2893,0.3328,0.2947,
226,0.2893,0.2893,0.3330,0.2949,
227,0.2893,0.2896,0.3335,0.2954,
228,0.2896,0.2898,0.3337,0.2957,
229,0.2898,0.2900,0.3342,0.2959,
230,0.2900,0.2900,0.3347,0.2959,
231,0.2900,0.2903,0.3350,0.2961,
232,0.2903,0.2908,0.3352,0.2964,
233,0.2905,0.2910,0.3359,0.2969,
234,0.2910,0.2910,0.3362,0.2969,
235,0.2910,0.2913,0.3364,0.2971,
236,0.2913,0.2915,0.3369,0.2974,
237,0.2915,0.2917,0.3374,0.2976,
238,0.2917,0.2920,0.3376,0.2976,
239,0.2917,0.2920,0.3381,0.2979,
240,0.2920,0.2925,0.3384,0.2981,
241,0.2925,0.2927,0.3391,0.2986,
242,0.2927,0.2930,0.3394,0.2988,
243,0.2927,0.2930,0.3396,0.2988,
244,0.2930,0.2932,0.3401,0.2991,
245,0.2932,0.2935,0.3406,0.2993,
246,0.2935,0.2939,0.3411,0.2996,
247,0.2935,0.2939,0.3413,0.2996,
248,0.2937,0.2942,0.3416,0.2998,
249,0.2942,0.2944,0.3423,0.3003,
250,0.2944,0.2947,0.3425,0.3005,
251,0.2944,0.2947,0.3428,0.3005,
252,0.2947,0.2949,0.3433,0.3008,
253,0.2949,0.2952,0.3435,0.3010,
254,0.2952,0.2957,0.3440,0.3013,
255,0.2957,0.2959,0.3445,0.3018,
256,0.3301,0.3303,0.3796,0.3406,
257,0.3303,0.3308,0.3799,0.3408,
258,0.3308,0.3311,0.3801,0.3408,
259,0.3308,0.3311,0.3809,0.3411,
260,0.3311,0.3313,0.3811,0.3413,
261,0.3313,0.3315,0.3816,0.3418,
262,0.3313,0.3318,0.3818,0.3418,
263,0.3315,0.3318,0.3823,0.3420,
264,0.3318,0.3320,0.3826,0.3423,
265,0.3320,0.3325,0.3831,0.3425,
266,0.3320,0.3328,0.3833,0.3425,
267,0.3325,0.3328,0.3838,0.3428,
268,0.3328,0.3330,0.3843,0.3433,
269,0.3330,0.3333,0.3845,0.3435,
270,0.3330,0.3335,0.3848,0.3435,
271,0.3333,0.3335,0.3850,0.3438,
272,0.3335,0.3340,0.3857,0.3440,
273,0.3340,0.3342,0.3860,0.3442,
274,0.3340,0.3345,0.3862,0.3442,
275,0.3342,0.3345,0.3870,0.3445,
276,0.3345,0.3347,0.3872,0.3450,
277,0.3345,0.3350,0.3875,0.3452,
278,0.3347,0.3352,0.3879,0.3452,
279,0.3350,0.3352,0.3882,0.3455,
280,0.3352,0.3357,0.3887,0.3457,
281,0.3352,0.3359,0.3889,0.3459,
282,0.3357,0.3362,0.3894,0.3459,
283,0.3359,0.3362,0.3896,0.3462,
284,0.3362,0.3364,0.3899,0.3467,
285,0.3362,0.3367,0.3906,0.3469,
286,0.3364,0.3372,0.3909,0.3469,
287,0.3367,0.3372,0.3911,0.3472,
288,0.3711,0.3718,0.4270,0.3823,
289,0.3713,0.3723,0.4275,0.3826,
290,0.3716,0.3723,0.4277,0.3828,
291,0.3718,0.3726,0.4280,0.3828,
292,0.3718,0.3728,0.4282,0.3833,
293,0.3721,0.3730,0.4290,0.3835,
294,0.3726,0.3730,0.4292,0.3838,
295,0.3728,0.3733,0.4294,0.3838,
296,0.3728,0.3735,0.4297,0.3840,
297,0.3730,0.3740,0.4304,0.3843,
298,0.3733,0.3740,0.4307,0.3845,
299,0.3735,0.3743,0.4309,0.3845,
300,0.3735,0.3745,0.4314,0.3850,
301,0.3740,0.3748,0.4319,0.3853,
302,0.3743,0.3748,0.4321,0.3855,
303,0.3743,0.3750,0.4324,0.3855,
304,0.3745,0.3752,0.4329,0.3857,
305,0.3748,0.3757,0.4333,0.3860,
306,0.3750,0.3757,0.4336,0.3865,
307,0.3750,0.3760,0.4341,0.3865,
308,0.3752,0.3762,0.4343,0.3867,
309,0.3757,0.3765,0.4346,0.3870,
310,0.3760,0.3765,0.4351,0.3872,
311,0.3760,0.3767,0.4355,0.3872,
312,0.3762,0.3772,0.4358,0.3875,
313,0.3765,0.3774,0.4360,0.3877,
314,0.3767,0.3774,0.4368,0.3882,
315,0.3767,0.3777,0.4370,0.3882,
316,0.3772,0.3779,0.4373,0.3884,
317,0.3774,0.3782,0.4375,0.3887,
318,0.3777,0.3782,0.4382,0.3889,
319,0.3777,0.3784,0.4385,0.3889,
320,0.4124,0.4133,0.4741,0.4241,
321,0.4126,0.4136,0.4744,0.4243,
322,0.4126,0.4136,0.4746,0.4248,
323,0.4128,0.4141,0.4753,0.4248,
324,0.4131,0.4143,0.4756,0.4250,
325,0.4133,0.4146,0.4758,0.4253,
326,0.4133,0.4146,0.4766,0.4255,
327,0.4136,0.4148,0.4768,0.4258,
328,0.4141,0.4150,0.4771,0.4258,
329,0.4143,0.4155,0.4775,0.4260,
330,0.4143,0.4155,0.4778,0.4265,
331,0.4146,0.4158,0.4783,0.4268,
332,0.4148,0.4160,0.4788,0.4268,
333,0.4150,0.4163,0.4790,0.4270,
334,0.4150,0.4165,0.4797,0.4272,
335,0.4155,0.4165,0.4800,0.4275,
336,0.4158,0.4167,0.4802,0.4277,
337,0.4160,0.4172,0.4807,0.4277,
338,0.4160,0.4175,0.4810,0.4282,
339,0.4163,0.4175,0.4814,0.4285,
340,0.4165,0.4177,0.4819,0.4287,
341,0.4167,0.4180,0.4822,0.4287,
342,0.4167,0.4182,0.4824,0.4290,
343,0.4172,0.4182,0.4832,0.4292,
344,0.4175,0.4187,0.4834,0.4297,
345,0.4177,0.4189,0.4836,0.4297,
346,0.4177,0.4192,0.4841,0.4299,
347,0.4180,0.4194,0.4846,0.4302,
348,0.4182,0.4194,0.4851,0.4304,
349,0.4185,0.4197,0.4854,0.4307,
350,0.4189,0.4199,0.4856,0.4307,
351,0.4189,0.4204,0.4863,0.4309,
352,0.4536,0.4546,0.5222,0.4666,
353,0.4541,0.4548,0.5225,0.4668,
354,0.4543,0.4551,0.5229,0.4670,
355,0.4546,0.4556,0.5232,0.4673,
356,0.4546,0.4556,0.5237,0.4673,
357,0.4548,0.4558,0.5239,0.4675,
358,0.4551,0.4561,0.5242,0.4680,
359,0.4556,0.4563,0.5249,0.4683,
360,0.4556,0.4563,0.5251,0.4683,
361,0.4558,0.4565,0.5254,0.4685,
362,0.4561,0.4568,0.5256,0.4688,
363,0.4563,0.4573,0.5264,0.4690,
364,0.4563,0.4573,0.5266,0.4690,
365,0.4565,0.4575,0.5271,0.4692,
366,0.4568,0.4578,0.5273,0.4697,
367,0.4573,0.4580,0.5278,0.4700,
368,0.4573,0.4580,0.5281,0.4700,
369,0.4575,0.4583,0.5286,0.4702,
370,0.4578,0.4587,0.5288,0.4705,
371,0.4580,0.4590,0.5293,0.4707,
372,0.4580,0.4590,0.5298,0.4707,
373,0.4583,0.4592,0.5300,0.4712,
374,0.4587,0.4595,0.5303,0.4714,
375,0.4590,0.4597,0.5310,0.4717,
376,0.4590,0.4597,0.5312,0.4717,
377,0.4592,0.4600,0.5315,0.4719,
378,0.4595,0.4604,0.5317,0.4722,
379,0.4595,0.4607,0.5325,0.4724,
380,0.4597,0.4607,0.5327,0.4724,
381,0.4600,0.4609,0.5330,0.4729,
382,0.4604,0.4612,0.5334,0.4731,
383,0.4604,0.4614,0.5337,0.4734,
384,0.4951,0.4963,0.5693,0.5088,
385,0.4956,0.4966,0.5696,0.5090,
386,0.4958,0.4966,0.5701,0.5093,
387,0.4958,0.4971,0.5703,0.5093,
388,0.4961,0.4973,0.5706,0.5098,
389,0.4963,0.4976,0.5713,0.5100,
390,0.4966,0.4978,0.5715,0.5103,
391,0.4966,0.4978,0.5718,0.5105,
392,0.4968,0.4980,0.5725,0.5105,
393,0.4973,0.4983,0.5728,0.5107,
394,0.4976,0.4988,0.5730,0.5112,
395,0.4976,0.4988,0.5735,0.5115,
396,0.4978,0.4990,0.5737,0.5115,
397,0.4980,0.4993,0.5742,0.5117,
398,0.4983,0.4995,0.5747,0.5120,
399,0.4983,0.4998,0.5750,0.5122,
400,0.4988,0.4998,0.5757,0.5122,
401,0.4990,0.5002,0.5759,0.5125,
402,0.4993,0.5005,0.5762,0.5129,
403,0.4993,0.5007,0.5767,0.5132,
404,0.4995,0.5007,0.5769,0.5134,
405,0.4998,0.5010,0.5774,0.5134,
406,0.5000,0.5012,0.5779,0.5137,
407,0.5005,0.5015,0.5781,0.5139,
408,0.5005,0.5020,0.5784,0.5144,
409,0.5007,0.5020,0.5791,0.5144,
410,0.5010,0.5022,0.5793,0.5146,
411,0.5012,0.5024,0.5796,0.5149,
412,0.5012,0.5027,0.5801,0.5151,
413,0.5015,0.5027,0.5806,0.5154,
414,0.5020,0.5029,0.5808,0.5154,
415,0.5022,0.5032,0.5813,0.5156,
416,0.5364,0.5376,0.6174,0.5508,
417,0.5366,0.5378,0.6177,0.5513,
418,0.5371,0.5381,0.6179,0.5513,
419,0.5371,0.5383,0.6182,0.5515,
420,0.5374,0.5383,0.6189,0.5518,
421,0.5376,0.5388,0.6191,0.5520,
422,0.5376,0.5391,0.6194,0.5520,
423,0.5378,0.5393,0.6196,0.5522,
424,0.5381,0.5393,0.6201,0.5525,
425,0.5383,0.5396,0.6206,0.5530,
426,0.5383,0.5398,0.6208,0.5530,
427,0.5388,0.5403,0.6213,0.5532,
428,0.5391,0.5403,0.6216,0.5535,
429,0.5393,0.5405,0.6221,0.5537,
430,0.5393,0.5408,0.6223,0.5537,
431,0.5396,0.5410,0.6228,0.5540,
432,0.5398,0.5410,0.6230,0.5544,
433,0.5403,0.5413,0.6233,0.5547,
434,0.5403,0.5415,0.6240,0.5547,
435,0.5405,0.5420,0.6243,0.5549,
436,0.5408,0.5420,0.6245,0.5552,
437,0.5408,0.5422,0.6248,0.5552,
438,0.5410,0.5425,0.6255,0.5554,
439,0.5413,0.5427,0.6257,0.5557,
440,0.5415,0.5427,0.6260,0.5562,
441,0.5415,0.5430,0.6262,0.5562,
442,0.5420,0.5435,0.6270,0.5564,
443,0.5422,0.5435,0.6272,0.5566,
444,0.5425,0.5437,0.6274,0.5569,
445,0.5425,0.5439,0.6277,0.5569,
446,0.5427,0.5442,0.6282,0.5571,
447,0.5430,0.5442,0.6287,0.5576,
448,0.5776,0.5791,0.6641,0.5928,
449,0.5779,0.5793,0.6646,0.5930,
450,0.5781,0.5796,0.6648,0.5930,
451,0.5781,0.5796,0.6653,0.5933,
452,0.5784,0.5798,0.6655,0.5935,
453,0.5789,0.5803,0.6660,0.5938,
454,0.5791,0.5806,0.6663,0.5938,
455,0.5791,0.5806,0.6665,0.5940,
456,0.5793,0.5808,0.6672,0.5945,
457,0.5796,0.5811,0.6675,0.5947,
458,0.5798,0.5811,0.6677,0.5947,
459,0.5798,0.5813,0.6685,0.5950,
460,0.5803,0.5815,0.6687,0.5952,
461,0.5806,0.5820,0.6689,0.5955,
462,0.5806,0.5820,0.6692,0.5955,
463,0.5808,0.5823,0.6697,0.5959,
464,0.5811,0.5825,0.6702,0.5962,
465,0.5813,0.5828,0.6704,0.5964,
466,0.5813,0.5828,0.6707,0.5964,
467,0.5815,0.5830,0.6711,0.5967,
468,0.5820,0.5835,0.6716,0.5969,
469,0.5823,0.5837,0.6719,0.5972,
470,0.5823,0.5837,0.6724,0.5972,
471,0.5825,0.5840,0.6726,0.5977,
472,0.5828,0.5842,0.6729,0.5979,
473,0.5830,0.5845,0.6733,0.5981,
474,0.5830,0.5845,0.6738,0.5981,
475,0.5835,0.5847,0.6741,0.5984,
476,0.5837,0.5852,0.6743,0.5986,
477,0.5837,0.5854,0.6750,0.5991,
478,0.5840,0.5854,0.6753,0.5991,
479,0.5842,0.5857,0.6755,0.5994,
480,0.6187,0.6204,0.7117,0.6345,
481,0.6189,0.6204,0.7119,0.6348,
482,0.6191,0.6206,0.7122,0.6348,
483,0.6194,0.6208,0.7126,0.6350,
484,0.6194,0.6211,0.7129,0.6353,
485,0.6196,0.6211,0.7134,0.6355,
486,0.6199,0.6213,0.7139,0.6360,
487,0.6204,0.6218,0.7141,0.6360,
488,0.6206,0.6221,0.7144,0.6362,
489,0.6206,0.6223,0.7151,0.6365,
490,0.6208,0.6223,0.7153,0.6367,
491,0.6211,0.6226,0.7156,0.6367,
492,0.6213,0.6228,0.7161,0.6370,
493,0.6213,0.6230,0.7166,0.6372,
494,0.6218,0.6230,0.7168,0.6377,
495,0.6221,0.6235,0.7173,0.6379,
496,0.6223,0.6238,0.7175,0.6379,
497,0.6223,0.6240,0.7183,0.6382,
498,0.6226,0.6243,0.7185,0.6384,
499,0.6228,0.6243,0.7188,0.6387,
500,0.6230,0.6245,0.7192,0.6387,
501,0.6230,0.6250,0.7197,0.6392,
502,0.6235,0.6252,0.7200,0.6394,
503,0.6238,0.6252,0.7205,0.6396,
504,0.6240,0.6255,0.7207,0.6399,
505,0.6240,0.6257,0.7212,0.6399,
506,0.6243,0.6260,0.7217,0.6401,
507,0.6245,0.6260,0.7219,0.6404,
508,0.6248,0.6262,0.7222,0.6409,
509,0.6252,0.6267,0.7229,0.6409,
510,0.6252,0.6270,0.7231,0.6411,
511,0.6255,0.6272,0.7234,0.6414,
512,0.6599,0.6619,0.7588,0.6768,
513,0.6599,0.6621,0.7593,0.6768,
514,0.6604,0.6621,0.7598,0.6770,
515,0.6606,0.6624,0.7600,0.6775,
516,0.6609,0.6626,0.7603,0.6777,
517,0.6609,0.6628,0.7607,0.6777,
518,0.6611,0.6628,0.7612,0.6780,
519,0.6614,0.6631,0.7617,0.6782,
520,0.6619,0.6636,0.7620,0.6785,
521,0.6619,0.6638,0.7622,0.6785,
522,0.6621,0.6638,0.7625,0.6787,
523,0.6624,0.6641,0.7632,0.6792,
524,0.6626,0.6643,0.7634,0.6794,
525,0.6626,0.6646,0.7637,0.6794,
526,0.6628,0.6646,0.7639,0.6797,
527,0.6631,0.6650,0.7646,0.6799,
528,0.6631,0.6653,0.7649,0.6802,
529,0.6636,0.6655,0.7651,0.6802,
530,0.6638,0.6655,0.7656,0.6804,
531,0.6641,0.6658,0.7661,0.6809,
532,0.6641,0.6660,0.7664,0.6812,
533,0.6643,0.6663,0.7668,0.6812,
534,0.6646,0.6663,0.7671,0.6814,
535,0.6650,0.6667,0.7676,0.6816,
536,0.6650,0.6670,0.7678,0.6819,
537,0.6653,0.6672,0.7681,0.6819,
538,0.6655,0.6672,0.7686,0.6824,
539,0.6658,0.6675,0.7688,0.6826,
540,0.6658,0.6677,0.7693,0.6829,
541,0.6660,0.6682,0.7698,0.6829,
542,0.6663,0.6682,0.7700,0.6831,
543,0.6667,0.6685,0.7703,0.6833,
544,0.7009,0.7029,0.8057,0.7188,
545,0.7012,0.7029,0.8064,0.7192,
546,0.7014,0.7034,0.8066,0.7195,
547,0.7019,0.7036,0.8069,0.7195,
548,0.7019,0.7039,0.8076,0.7197,
549,0.7021,0.7039,0.8079,0.7200,
550,0.7024,0.7041,0.8081,0.7202,
551,0.7026,0.7043,0.8083,0.7202,
552,0.7026,0.7046,0.8088,0.7207,
553,0.7029,0.7046,0.8093,0.7209,
554,0.7031,0.7051,0.8096,0.7212,
555,0.7031,0.7053,0.8101,0.7212,
556,0.7036,0.7056,0.8103,0.7214,
557,0.7039,0.7056,0.8108,0.7217,
558,0.7041,0.7058,0.8113,0.7219,
559,0.7041,0.7061,0.8115,0.7219,
560,0.7043,0.7063,0.8120,0.7224,
561,0.7046,0.7063,0.8125,0.7227,
562,0.7051,0.7068,0.8127,0.7229,
563,0.7051,0.7070,0.8130,0.7229,
564,0.7053,0.7073,0.8135,0.7231,
565,0.7056,0.7073,0.8140,0.7234,
566,0.7056,0.7075,0.8142,0.7239,
567,0.7058,0.7078,0.8147,0.7239,
568,0.7061,0.7083,0.8149,0.7241,
569,0.7063,0.7083,0.8152,0.7244,
570,0.7063,0.7085,0.8157,0.7246,
571,0.7068,0.7087,0.8162,0.7246,
572,0.7070,0.7090,0.8164,0.7249,
573,0.7073,0.7090,0.8167,0.7251,
574,0.7073,0.7092,0.8171,0.7256,
575,0.7075,0.7095,0.8176,0.7256,
576,0.7422,0.7439,0.8528,0.7607,
577,0.7422,0.7441,0.8530,0.7610,
578,0.7424,0.7444,0.8535,0.7612,
579,0.7427,0.7446,0.8540,0.7612,
580,0.7429,0.7446,0.8542,0.7615,
581,0.7429,0.7451,0.8547,0.7617,
582,0.7434,0.7454,0.8550,0.7620,
583,0.7437,0.7456,0.8552,0.7620,
584,0.7439,0.7456,0.8560,0.7625,
585,0.7439,0.7458,0.8562,0.7627,
586,0.7441,0.7461,0.8564,0.7629,
587,0.7444,0.7466,0.8572,0.7632,
588,0.7446,0.7466,0.8574,0.7632,
589,0.7446,0.7468,0.8577,0.7634,
590,0.7451,0.7471,0.8582,0.7639,
591,0.7454,0.7473,0.8584,0.7642,
592,0.7456,0.7476,0.8589,0.7642,
593,0.7456,0.7476,0.8594,0.7644,
594,0.7458,0.7478,0.8596,0.7646,
595,0.7461,0.7483,0.8599,0.7649,
596,0.7466,0.7485,0.8606,0.7651,
597,0.7466,0.7485,0.8608,0.7651,
598,0.7468,0.7488,0.8611,0.7656,
599,0.7471,0.7490,0.8616,0.7659,
600,0.7473,0.7493,0.8621,0.7661,
601,0.7473,0.7493,0.8623,0.7661,
602,0.7476,0.7498,0.8628,0.7664,
603,0.7478,0.7500,0.8630,0.7666,
604,0.7483,0.7502,0.8635,0.7671,
605,0.7485,0.7505,0.8640,0.7671,
606,0.7485,0.7505,0.8643,0.7673,
607,0.7488,0.7507,0.8645,0.7676,
608,0.7834,0.7854,0.8999,0.8032,
609,0.7834,0.7856,0.9004,0.8035,
610,0.7837,0.7859,0.9006,0.8040,
611,0.7839,0.7861,0.9011,0.8040,
612,0.7839,0.7861,0.9014,0.8042,
613,0.7842,0.7866,0.9016,0.8044,
614,0.7844,0.7869,0.9023,0.8044,
615,0.7847,0.7871,0.9026,0.8047,
616,0.7847,0.7871,0.9028,0.8049,
617,0.7852,0.7874,0.9031,0.8052,
618,0.7854,0.7876,0.9038,0.8052,
619,0.7856,0.7878,0.9041,0.8057,
620,0.7856,0.7878,0.9043,0.8059,
621,0.7859,0.7883,0.9045,0.8062,
622,0.7861,0.7886,0.9053,0.8064,
623,0.7866,0.7888,0.9055,0.8064,
624,0.7866,0.7888,0.9058,0.8066,
625,0.7869,0.7891,0.9060,0.8071,
626,0.7871,0.7893,0.9067,0.8074,
627,0.7871,0.7898,0.9070,0.8074,
628,0.7874,0.7898,0.9072,0.8076,
629,0.7876,0.7900,0.9075,0.8079,
630,0.7878,0.7903,0.9080,0.8079,
631,0.7878,0.7905,0.9084,0.8081,
632,0.7883,0.7905,0.9087,0.8083,
633,0.7886,0.7908,0.9092,0.8088,
634,0.7888,0.7910,0.9094,0.8088,
635,0.7888,0.7915,0.9099,0.8091,
636,0.7891,0.7915,0.9104,0.8093,
637,0.7893,0.7917,0.9106,0.8096,
638,0.7898,0.7920,0.9109,0.8098,
639,0.7898,0.7922,0.9111,0.8098,
640,0.8245,0.8269,0.9468,0.8450,
641,0.8250,0.8271,0.9470,0.8455,
642,0.8250,0.8271,0.9473,0.8457,
643,0.8252,0.8274,0.9478,0.8457,
644,0.8254,0.8276,0.9480,0.8459,
645,0.8257,0.8281,0.9485,0.8462,
646,0.8257,0.8284,0.9490,0.8464,
647,0.8259,0.8284,0.9492,0.8464,
648,0.8262,0.8286,0.9500,0.8467,
649,0.8267,0.8289,0.9502,0.8472,
650,0.8269,0.8291,0.9504,0.8474,
651,0.8269,0.8291,0.9509,0.8477,
652,0.8271,0.8293,0.9512,0.8477,
653,0.8274,0.8298,0.9517,0.8479,
654,0.8276,0.8301,0.9521,0.8481,
655,0.8276,0.8303,0.9524,0.8486,
656,0.8281,0.8303,0.9531,0.8486,
657,0.8284,0.8306,0.9534,0.8489,
658,0.8286,0.8308,0.9536,0.8491,
659,0.8286,0.8313,0.9541,0.8494,
660,0.8289,0.8313,0.9543,0.8496,
661,0.8291,0.8315,0.9548,0.8496,
662,0.8293,0.8318,0.9553,0.8499,
663,0.8293,0.8320,0.9556,0.8503,
664,0.8298,0.8320,0.9558,0.8506,
665,0.8301,0.8323,0.9565,0.8506,
666,0.8303,0.8325,0.9568,0.8508,
667,0.8303,0.8330,0.9573,0.8511,
668,0.8306,0.8333,0.9575,0.8513,
669,0.8308,0.8333,0.9580,0.8518,
670,0.8311,0.8335,0.9585,0.8518,
671,0.8315,0.8337,0.9587,0.8521,
672,0.8657,0.8684,0.9944,0.8875,
673,0.8660,0.8687,0.9949,0.8877,
674,0.8662,0.8687,0.9951,0.8879,
675,0.8662,0.8689,0.9956,0.8879,
676,0.8667,0.8691,0.9958,0.8882,
677,0.8669,0.8694,0.9963,0.8887,
678,0.8669,0.8694,0.9968,0.8889,
679,0.8672,0.8699,0.9971,0.8889,
680,0.8674,0.8701,0.9973,0.8892,
681,0.8677,0.8704,0.9980,0.8894,
682,0.8677,0.8704,0.9983,0.8896,
683,0.8682,0.8706,0.9985,0.8896,
684,0.8684,0.8708,0.9988,0.8899,
685,0.8687,0.8713,0.9995,0.8904,
686,0.8687,0.8713,0.9998,0.8906,
687,0.8689,0.8716,1.0000,0.8906,
688,0.8691,0.8718,1.0005,0.8909,
689,0.8694,0.8721,1.0007,0.8911,
690,0.8694,0.8721,1.0012,0.8914,
691,0.8699,0.8723,1.0015,0.8914,
692,0.8701,0.8726,1.0020,0.8918,
693,0.8704,0.8730,1.0022,0.8921,
694,0.8704,0.8730,1.0027,0.8923,
695,0.8706,0.8733,1.0032,0.8923,
696,0.8708,0.8735,1.0034,0.8926,
697,0.8708,0.8738,1.0037,0.8928,
698,0.8713,0.8738,1.0044,0.8931,
699,0.8716,0.8740,1.0046,0.8931,
700,0.8718,0.8745,1.0049,0.8936,
701,0.8718,0.8748,1.0051,0.8938,
702,0.8721,0.8748,1.0059,0.8940,
703,0.8723,0.8750,1.0061,0.8940,
704,0.9067,0.9097,1.0415,0.9294,
705,0.9070,0.9099,1.0417,0.9297,
706,0.9072,0.9102,1.0422,0.9302,
707,0.9075,0.9104,1.0427,0.9302,
708,0.9075,0.9104,1.0430,0.9304,
709,0.9077,0.9106,1.0432,0.9307,
710,0.9082,0.9109,1.0437,0.9309,
711,0.9084,0.9114,1.0439,0.9309,
712,0.9084,0.9114,1.0444,0.9312,
713,0.9087,0.9116,1.0449,0.9314,
714,0.9089,0.9119,1.0452,0.9319,
715,0.9089,0.9121,1.0454,0.9319,
716,0.9092,0.9121,1.0461,0.9321,
717,0.9094,0.9124,1.0464,0.9324,
718,0.9099,0.9126,1.0466,0.9326,
719,0.9099,0.9131,1.0469,0.9326,
720,0.9102,0.9131,1.0476,0.9329,
721,0.9104,0.9133,1.0479,0.9331,
722,0.9106,0.9136,1.0481,0.9336,
723,0.9106,0.9138,1.0483,0.9336,
724,0.9109,0.9138,1.0491,0.9338,
725,0.9114,0.9141,1.0493,0.9341,
726,0.9116,0.9146,1.0496,0.9343,
727,0.9116,0.9148,1.0500,0.9343,
728,0.9119,0.9148,1.0503,0.9346,
729,0.9121,0.9150,1.0508,0.9351,
730,0.9124,0.9153,1.0513,0.9353,
731,0.9124,0.9155,1.0515,0.9353,
732,0.9126,0.9155,1.0518,0.9355,
733,0.9131,0.9158,1.0522,0.9358,
734,0.9131,0.9163,1.0527,0.9360,
735,0.9133,0.9165,1.0530,0.9360,
736,0.9478,0.9507,1.0884,0.9714,
737,0.9478,0.9509,1.0891,0.9719,
738,0.9482,0.9514,1.0894,0.9722,
739,0.9485,0.9514,1.0896,0.9724,
740,0.9487,0.9517,1.0901,0.9724,
741,0.9487,0.9519,1.0903,0.9727,
742,0.9490,0.9521,1.0908,0.9729,
743,0.9492,0.9521,1.0913,0.9734,
744,0.9497,0.9524,1.0916,0.9734,
745,0.9500,0.9529,1.0923,0.9736,
746,0.9500,0.9531,1.0925,0.9739,
747,0.9502,0.9534,1.0928,0.9741,
748,0.9504,0.9534,1.0933,0.9744,
749,0.9507,0.9536,1.0935,0.9744,
750,0.9507,0.9539,1.0942,0.9746,
751,0.9509,0.9541,1.0945,0.9751,
752,0.9514,0.9541,1.0947,0.9753,
753,0.9517,0.9546,1.0955,0.9753,
754,0.9517,0.9548,1.0957,0.9756,
755,0.9519,0.9551,1.0959,0.9758,
756,0.9521,0.9553,1.0964,0.9761,
757,0.9524,0.9553,1.0967,0.9766,
758,0.9524,0.9556,1.0972,0.9766,
759,0.9529,0.9561,1.0977,0.9768,
760,0.9531,0.9563,1.0979,0.9771,
761,0.9534,0.9563,1.0986,0.9773,
762,0.9534,0.9565,1.0989,0.9773,
763,0.9536,0.9568,1.0991,0.9775,
764,0.9539,0.9570,1.0996,0.9778,
765,0.9541,0.9570,1.0999,0.9783,
766,0.9546,0.9573,1.1003,0.9785,
767,0.9546,0.9578,1.1008,0.9785,
768,0.9893,0.9924,1.1362,1.0137,
769,0.9893,0.9924,1.1365,1.0139,
770,0.9897,0.9929,1.1367,1.0142,
771,0.9900,0.9932,1.1375,1.0142,
772,0.9902,0.9934,1.1377,1.0144,
773,0.9902,0.9934,1.1379,1.0146,
774,0.9905,0.9937,1.1387,1.0151,
775,0.9907,0.9939,1.1389,1.0151,
776,0.9907,0.9941,1.1392,1.0154,
777,0.9910,0.9941,1.1394,1.0156,
778,0.9915,0.9946,1.1399,1.0159,
779,0.9917,0.9949,1.1404,1.0159,
780,0.9917,0.9951,1.1406,1.0161,
781,0.9919,0.9951,1.1411,1.0166,
782,0.9922,0.9954,1.1414,1.0168,
783,0.9924,0.9956,1.1421,1.0168,
784,0.9924,0.9961,1.1423,1.0171,
785,0.9929,0.9961,1.1426,1.0173,
786,0.9932,0.9963,1.1428,1.0176,
787,0.9934,0.9966,1.1436,1.0176,
788,0.9934,0.9968,1.1438,1.0178,
789,0.9937,0.9968,1.1440,1.0183,
790,0.9939,0.9971,1.1445,1.0186,
791,0.9939,0.9973,1.1450,1.0186,
792,0.9941,0.9978,1.1453,1.0188,
793,0.9946,0.9978,1.1458,1.0190,
794,0.9949,0.9980,1.1460,1.0193,
795,0.9949,0.9983,1.1462,1.0193,
796,0.9951,0.9985,1.1467,1.0198,
797,0.9954,0.9985,1.1472,1.0200,
798,0.9956,0.9988,1.1475,1.0203,
799,0.9956,0.9993,1.1477,1.0203,
800,1.0315,1.0337,1.1836,1.0557,
801,1.0315,1.0339,1.1838,1.0557,
802,1.0317,1.0344,1.1841,1.0559,
803,1.0320,1.0347,1.1846,1.0562,
804,1.0320,1.0347,1.1851,1.0566,
805,1.0322,1.0349,1.1853,1.0566,
806,1.0325,1.0352,1.1858,1.0569,
807,1.0330,1.0354,1.1860,1.0571,
808,1.0330,1.0354,1.1863,1.0574,
809,1.0332,1.0356,1.1868,1.0574,
810,1.0334,1.0361,1.1873,1.0576,
811,1.0337,1.0364,1.1875,1.0581,
812,1.0337,1.0364,1.1877,1.0583,
813,1.0339,1.0366,1.1882,1.0583,
814,1.0344,1.0369,1.1887,1.0586,
815,1.0347,1.0371,1.1890,1.0588,
816,1.0347,1.0371,1.1892,1.0591,
817,1.0349,1.0376,1.1899,1.0591,
818,1.0352,1.0378,1.1902,1.0593,
819,1.0354,1.0381,1.1904,1.0598,
820,1.0354,1.0381,1.1907,1.0601,
821,1.0356,1.0383,1.1914,1.0601,
822,1.0361,1.0386,1.1917,1.0603,
823,1.0361,1.0388,1.1919,1.0605,
824,1.0364,1.0388,1.1921,1.0608,
825,1.0366,1.0393,1.1926,1.0608,
826,1.0369,1.0396,1.1931,1.0610,
827,1.0369,1.0398,1.1934,1.0615,
828,1.0371,1.0398,1.1938,1.0618,
829,1.0374,1.0400,1.1941,1.0618,
830,1.0378,1.0403,1.1946,1.0620,
831,1.0378,1.0405,1.1948,1.0623,
832,1.0732,1.0750,1.2302,1.0974,
833,1.0732,1.0752,1.2305,1.0977,
834,1.0735,1.0754,1.2310,1.0981,
835,1.0737,1.0757,1.2314,1.0984,
836,1.0740,1.0757,1.2317,1.0986,
837,1.0745,1.0762,1.2322,1.0986,
838,1.0745,1.0764,1.2324,1.0989,
839,1.0747,1.0767,1.2327,1.0991,
840,1.0750,1.0767,1.2334,1.0994,
841,1.0752,1.0769,1.2336,1.0994,
842,1.0752,1.0771,1.2339,1.0999,
843,1.0754,1.0776,1.2346,1.1001,
844,1.0757,1.0776,1.2349,1.1003,
845,1.0762,1.0779,1.2351,1.1006,
846,1.0762,1.0781,1.2356,1.1006,
847,1.0764,1.0784,1.2358,1.1008,
848,1.0767,1.0786,1.2366,1.1013,
849,1.0769,1.0786,1.2368,1.1016,
850,1.0769,1.0789,1.2371,1.1016,
851,1.0771,1.0793,1.2378,1.1018,
852,1.0776,1.0796,1.2380,1.1021,
853,1.0779,1.0796,1.2383,1.1023,
854,1.0779,1.0798,1.2388,1.1025,
855,1.0781,1.0801,1.2390,1.1025,
856,1.0784,1.0803,1.2397,1.1030,
857,1.0786,1.0808,1.2400,1.1033,
858,1.0789,1.0808,1.2402,1.1035,
859,1.0789,1.0811,1.2410,1.1035,
860,1.0793,1.0813,1.2412,1.1038,
861,1.0796,1.0815,1.2415,1.1040,
862,1.0798,1.0815,1.2419,1.1045,
863,1.0798,1.0818,1.2422,1.1047,
864,1.1145,1.1165,1.2773,1.1401,
865,1.1147,1.1167,1.2781,1.1404,
866,1.1147,1.1167,1.2783,1.1406,
867,1.1150,1.1169,1.2786,1.1409,
868,1.1152,1.1172,1.2791,1.1409,
869,1.1155,1.1177,1.2795,1.1414,
870,1.1155,1.1177,1.2798,1.1416,
871,1.1157,1.1179,1.2800,1.1418,
872,1.1162,1.1182,1.2805,1.1418,
873,1.1165,1.1184,1.2810,1.1421,
874,1.1165,1.1184,1.2812,1.1423,
875,1.1167,1.1187,1.2817,1.1426,
876,1.1169,1.1189,1.2820,1.1426,
877,1.1172,1.1194,1.2822,1.1431,
878,1.1172,1.1194,1.2830,1.1433,
879,1.1177,1.1196,1.2832,1.1436,
880,1.1179,1.1199,1.2834,1.1436,
881,1.1179,1.1201,1.2837,1.1438,
882,1.1182,1.1201,1.2844,1.1440,
883,1.1184,1.1204,1.2847,1.1445,
884,1.1187,1.1208,1.2849,1.1445,
885,1.1187,1.1211,1.2854,1.1448,
886,1.1189,1.1211,1.2859,1.1450,
887,1.1194,1.1213,1.2861,1.1453,
888,1.1196,1.1216,1.2866,1.1453,
889,1.1196,1.1218,1.2869,1.1455,
890,1.1199,1.1218,1.2874,1.1458,
891,1.1201,1.1221,1.2876,1.1462,
892,1.1204,1.1226,1.2881,1.1462,
893,1.1204,1.1228,1.2883,1.1465,
894,1.1208,1.1228,1.2886,1.1467,
895,1.1211,1.1230,1.2893,1.1470,
896,1.1553,1.1577,1.3247,1.1821,
897,1.1555,1.1577,1.3250,1.1821,
898,1.1560,1.1580,1.3254,1.1824,
899,1.1562,1.1582,1.3259,1.1829,
900,1.1562,1.1584,1.3262,1.1831,
901,1.1565,1.1584,1.3267,1.1831,
902,1.1567,1.1587,1.3269,1.1833,
903,1.1570,1.1592,1.3274,1.1836,
904,1.1570,1.1594,1.3279,1.1838,
905,1.1572,1.1594,1.3281,1.1838,
906,1.1577,1.1597,1.3284,1.1841,
907,1.1580,1.1599,1.3291,1.1846,
908,1.1580,1.1602,1.3293,1.1848,
909,1.1582,1.1604,1.3296,1.1851,
910,1.1584,1.1604,1.3301,1.1851,
911,1.1587,1.1609,1.3306,1.1853,
912,1.1587,1.1611,1.3308,1.1855,
913,1.1592,1.1614,1.3313,1.1858,
914,1.1594,1.1614,1.3315,1.1858,
915,1.1597,1.1616,1.3318,1.1863,
916,1.1597,1.1619,1.3325,1.1865,
917,1.1599,1.1624,1.3328,1.1868,
918,1.1602,1.1624,1.3330,1.1868,
919,1.1604,1.1626,1.3337,1.1870,
920,1.1604,1.1628,1.3340,1.1873,
921,1.1609,1.1631,1.3342,1.1877,
922,1.1611,1.1633,1.3347,1.1880,
923,1.1614,1.1633,1.3350,1.1880,
924,1.1616,1.1636,1.3354,1.1882,
925,1.1616,1.1641,1.3359,1.1885,
926,1.1619,1.1643,1.3362,1.1887,
927,1.1621,1.1643,1.3364,1.1887,
928,1.1965,1.1987,1.3726,1.2241,
929,1.1968,1.1992,1.3728,1.2246,
930,1.1970,1.1992,1.3730,1.2249,
931,1.1973,1.1995,1.3738,1.2251,
932,1.1973,1.1997,1.3740,1.2251,
933,1.1978,1.2000,1.3743,1.2253,
934,1.1980,1.2000,1.3748,1.2256,
935,1.1982,1.2002,1.3750,1.2261,
936,1.1982,1.2004,1.3755,1.2261,
937,1.1985,1.2009,1.3757,1.2263,
938,1.1987,1.2009,1.3762,1.2266,
939,1.1987,1.2012,1.3765,1.2268,
940,1.1992,1.2014,1.3770,1.2271,
941,1.1995,1.2017,1.3774,1.2271,
942,1.1997,1.2017,1.3777,1.2273,
943,1.1997,1.2019,1.3779,1.2278,
944,1.2000,1.2024,1.3787,1.2280,
945,1.2002,1.2026,1.3789,1.2280,
946,1.2004,1.2026,1.3792,1.2283,
947,1.2004,1.2029,1.3794,1.2285,
948,1.2009,1.2031,1.3801,1.2288,
949,1.2012,1.2034,1.3804,1.2288,
950,1.2014,1.2034,1.3806,1.2292,
951,1.2014,1.2036,1.3809,1.2295,
952,1.2017,1.2041,1.3813,1.2297,
953,1.2019,1.2043,1.3818,1.2297,
954,1.2024,1.2043,1.3821,1.2300,
955,1.2024,1.2046,1.3823,1.2302,
956,1.2026,1.2048,1.3828,1.2305,
957,1.2029,1.2051,1.3833,1.2305,
958,1.2031,1.2051,1.3835,1.2310,
959,1.2031,1.2056,1.3840,1.2312,
960,1.2380,1.2402,1.4194,1.2664,
961,1.2383,1.2407,1.4197,1.2664,
962,1.2383,1.2407,1.4202,1.2666,
963,1.2385,1.2410,1.4204,1.2668,
964,1.2388,1.2412,1.4209,1.2671,
965,1.2393,1.2415,1.4211,1.2671,
966,1.2393,1.2415,1.4214,1.2673,
967,1.2395,1.2417,1.4221,1.2678,
968,1.2397,1.2419,1.4224,1.2681,
969,1.2400,1.2424,1.4226,1.2681,
970,1.2400,1.2424,1.4229,1.2683,
971,1.2402,1.2427,1.4236,1.2686,
972,1.2407,1.2429,1.4238,1.2688,
973,1.2407,1.2432,1.4241,1.2688,
974,1.2410,1.2432,1.4246,1.2693,
975,1.2412,1.2434,1.4250,1.2695,
976,1.2415,1.2439,1.4253,1.2698,
977,1.2415,1.2441,1.4255,1.2698,
978,1.2417,1.2441,1.4260,1.2700,
979,1.2419,1.2444,1.4265,1.2703,
980,1.2424,1.2446,1.4268,1.2705,
981,1.2424,1.2449,1.4272,1.2705,
982,1.2427,1.2449,1.4275,1.2710,
983,1.2429,1.2451,1.4277,1.2712,
984,1.2432,1.2456,1.4282,1.2715,
985,1.2432,1.2458,1.4287,1.2715,
986,1.2434,1.2458,1.4290,1.2717,
987,1.2437,1.2461,1.4292,1.2720,
988,1.2437,1.2463,1.4299,1.2725,
989,1.2441,1.2463,1.4302,1.2725,
990,1.2444,1.2466,1.4304,1.2727,
991,1.2446,1.2468,1.4309,1.2729,
992,1.2788,1.2812,1.4666,1.3083,
993,1.2793,1.2815,1.4670,1.3086,
994,1.2795,1.2817,1.4673,1.3088,
995,1.2795,1.2820,1.4675,1.3088,
996,1.2798,1.2825,1.4683,1.3093,
997,1.2800,1.2825,1.4685,1.3096,
998,1.2803,1.2827,1.4688,1.3098,
999,1.2808,1.2830,1.4692,1.3098,
1000,1.2808,1.2832,1.4697,1.3101,
1001,1.2810,1.2832,1.4700,1.3103,
1002,1.2812,1.2834,1.4705,1.3108,
1003,1.2815,1.2839,1.4707,1.3110,
1004,1.2815,1.2842,1.4709,1.3110,
1005,1.2817,1.2844,1.4717,1.3113,
1006,1.2820,1.2844,1.4719,1.3115,
1007,1.2825,1.2847,1.4722,1.3118,
1008,1.2825,1.2849,1.4729,1.3118,
1009,1.2827,1.2852,1.4731,1.3120,
1010,1.2830,1.2852,1.4734,1.3125,
1011,1.2832,1.2856,1.4739,1.3127,
1012,1.2832,1.2859,1.4741,1.3130,
1013,1.2834,1.2861,1.4746,1.3130,
1014,1.2839,1.2864,1.4751,1.3132,
1015,1.2842,1.2864,1.4753,1.3135,
1016,1.2844,1.2866,1.4761,1.3137,
1017,1.2844,1.2871,1.4763,1.3137,
1018,1.2847,1.2874,1.4766,1.3142,
1019,1.2849,1.2874,1.4771,1.3145,
1020,1.2852,1.2876,1.4773,1.3147,
1021,1.2852,1.2878,1.4778,1.3149,
1022,1.2856,1.2881,1.4783,1.3149,
1023,1.2859,1.2881,1.4785,1.3152,
1024,1.3208,1.3230,1.5139,1.3503,
1025,1.3208,1.3230,1.5146,1.3508,
1026,1.3210,1.3232,1.5149,1.3508,
1027,1.3213,1.3235,1.5151,1.3511,
1028,1.3215,1.3240,1.5156,1.3513,
1029,1.3215,1.3240,1.5161,1.3516,
1030,1.3218,1.3242,1.5164,1.3516,
1031,1.3220,1.3245,1.5166,1.3518,
1032,1.3220,1.3247,1.5171,1.3521,
1033,1.3225,1.3247,1.5173,1.3525,
1034,1.3228,1.3250,1.5178,1.3525,
1035,1.3230,1.3252,1.5181,1.3528,
1036,1.3230,1.3257,1.5186,1.3530,
1037,1.3232,1.3257,1.5188,1.3533,
1038,1.3235,1.3259,1.5193,1.3533,
1039,1.3240,1.3262,1.5198,1.3535,
1040,1.3240,1.3264,1.5200,1.3540,
1041,1.3242,1.3264,1.5203,1.3542,
1042,1.3245,1.3267,1.5205,1.3542,
1043,1.3247,1.3271,1.5212,1.3545,
1044,1.3247,1.3274,1.5215,1.3547,
1045,1.3250,1.3274,1.5217,1.3550,
1046,1.3252,1.3276,1.5220,1.3550,
1047,1.3257,1.3279,1.5227,1.3552,
1048,1.3257,1.3281,1.5229,1.3557,
1049,1.3259,1.3281,1.5232,1.3560,
1050,1.3262,1.3284,1.5234,1.3560,
1051,1.3262,1.3289,1.5242,1.3562,
1052,1.3264,1.3291,1.5244,1.3564,
1053,1.3267,1.3291,1.5247,1.3567,
1054,1.3271,1.3293,1.5249,1.3567,
1055,1.3271,1.3296,1.5256,1.3572,
1056,1.3616,1.3640,1.5610,1.3926,
1057,1.3618,1.3643,1.5615,1.3928,
1058,1.3618,1.3645,1.5618,1.3931,
1059,1.3623,1.3647,1.5625,1.3931,
1060,1.3625,1.3650,1.5627,1.3933,
1061,1.3628,1.3650,1.5630,1.3936,
1062,1.3630,1.3655,1.5635,1.3940,
1063,1.3630,1.3657,1.5637,1.3943,
1064,1.3633,1.3660,1.5645,1.3943,
1065,1.3635,1.3660,1.5647,1.3945,
1066,1.3640,1.3662,1.5649,1.3948,
1067,1.3640,1.3665,1.5657,1.3950,
1068,1.3643,1.3667,1.5659,1.3950,
1069,1.3645,1.3672,1.5662,1.3953,
1070,1.3647,1.3672,1.5667,1.3958,
1071,1.3647,1.3674,1.5669,1.3960,
1072,1.3650,1.3677,1.5674,1.3962,
1073,1.3655,1.3679,1.5679,1.3962,
1074,1.3657,1.3679,1.5681,1.3965,
1075,1.3657,1.3682,1.5688,1.3967,
1076,1.3660,1.3687,1.5691,1.3972,
1077,1.3662,1.3689,1.5693,1.3972,
1078,1.3665,1.3691,1.5698,1.3975,
1079,1.3665,1.3691,1.5701,1.3977,
1080,1.3667,1.3694,1.5706,1.3979,
1081,1.3672,1.3696,1.5710,1.3982,
1082,1.3674,1.3699,1.5713,1.3982,
1083,1.3674,1.3699,1.5720,1.3984,
1084,1.3677,1.3704,1.5723,1.3989,
1085,1.3679,1.3706,1.5725,1.3992,
1086,1.3682,1.3708,1.5730,1.3992,
1087,1.3684,1.3708,1.5732,1.3994,
1088,1.4031,1.4055,1.6084,1.4346,
1089,1.4033,1.4058,1.6091,1.4348,
1090,1.4036,1.4060,1.6094,1.4351,
1091,1.4036,1.4060,1.6096,1.4355,
1092,1.4041,1.4062,1.6101,1.4355,
1093,1.4043,1.4065,1.6106,1.4358,
1094,1.4045,1.4067,1.6108,1.4360,
1095,1.4045,1.4067,1.6113,1.4363,
1096,1.4048,1.4072,1.6116,1.4365,
1097,1.4050,1.4075,1.6121,1.4365,
1098,1.4055,1.4077,1.6125,1.4368,
1099,1.4055,1.4077,1.6128,1.4373,
1100,1.4058,1.4080,1.6130,1.4373,
1101,1.4060,1.4082,1.6138,1.4375,
1102,1.4062,1.4087,1.6140,1.4377,
1103,1.4062,1.4087,1.6143,1.4380,
1104,1.4065,1.4089,1.6147,1.4380,
1105,1.4067,1.4092,1.6152,1.4382,
1106,1.4067,1.4094,1.6155,1.4385,
1107,1.4072,1.4094,1.6157,1.4390,
1108,1.4075,1.4097,1.6162,1.4390,
1109,1.4077,1.4099,1.6165,1.4392,
1110,1.4077,1.4104,1.6169,1.4395,
1111,1.4080,1.4104,1.6174,1.4397,
1112,1.4082,1.4106,1.6177,1.4399,
1113,1.4087,1.4109,1.6179,1.4399,
1114,1.4087,1.4111,1.6187,1.4404,
1115,1.4089,1.4111,1.6189,1.4407,
1116,1.4092,1.4114,1.6191,1.4407,
1117,1.4094,1.4119,1.6194,1.4409,
1118,1.4094,1.4119,1.6201,1.4412,
1119,1.4097,1.4121,1.6204,1.4414,
1120,1.4443,1.4465,1.6560,1.4773,
1121,1.4443,1.4470,1.6562,1.4773,
1122,1.4446,1.4470,1.6567,1.4775,
1123,1.4448,1.4473,1.6572,1.4778,
1124,1.4451,1.4475,1.6575,1.4780,
1125,1.4451,1.4478,1.6577,1.4780,
1126,1.4456,1.4478,1.6580,1.4783,
1127,1.4458,1.4480,1.6587,1.4788,
1128,1.4458,1.4482,1.6589,1.4790,
1129,1.4460,1.4487,1.6592,1.4790,
1130,1.4463,1.4487,1.6594,1.4792,
1131,1.4465,1.4490,1.6602,1.4795,
1132,1.4465,1.4492,1.6604,1.4797,
1133,1.4468,1.4495,1.6606,1.4797,
1134,1.4473,1.4495,1.6611,1.4800,
1135,1.4475,1.4497,1.6616,1.4805,
1136,1.4475,1.4502,1.6619,1.4807,
1137,1.4478,1.4504,1.6621,1.4807,
1138,1.4480,1.4504,1.6626,1.4810,
1139,1.4482,1.4507,1.6628,1.4812,
1140,1.4482,1.4509,1.6633,1.4814,
1141,1.4487,1.4512,1.6638,1.4819,
1142,1.4490,1.4512,1.6641,1.4819,
1143,1.4492,1.4514,1.6643,1.4822,
1144,1.4492,1.4519,1.6648,1.4824,
1145,1.4495,1.4521,1.6653,1.4827,
1146,1.4497,1.4521,1.6655,1.4827,
1147,1.4497,1.4524,1.6658,1.4829,
1148,1.4500,1.4526,1.6660,1.4832,
1149,1.4504,1.4529,1.6667,1.4836,
1150,1.4507,1.4529,1.6670,1.4836,
1151,1.4507,1.4531,1.6675,1.4839,
1152,1.4856,1.4878,1.7026,1.5190,
1153,1.4858,1.4878,1.7031,1.5193,
1154,1.4861,1.4880,1.7034,1.5193,
1155,1.4861,1.4883,1.7039,1.5195,
1156,1.4863,1.4888,1.7041,1.5198,
1157,1.4866,1.4888,1.7043,1.5200,
1158,1.4866,1.4890,1.7051,1.5200,
1159,1.4871,1.4893,1.7053,1.5205,
1160,1.4873,1.4895,1.7056,1.5208,
1161,1.4875,1.4895,1.7058,1.5210,
1162,1.4875,1.4897,1.7065,1.5210,
1163,1.4878,1.4902,1.7068,1.5212,
1164,1.4880,1.4905,1.7070,1.5215,
1165,1.4883,1.4905,1.7073,1.5220,
1166,1.4883,1.4907,1.7080,1.5220,
1167,1.4888,1.4910,1.7083,1.5222,
1168,1.4890,1.4912,1.7085,1.5225,
1169,1.4893,1.4912,1.7090,1.5227,
1170,1.4893,1.4915,1.7092,1.5227,
1171,1.4895,1.4919,1.7100,1.5229,
1172,1.4897,1.4922,1.7102,1.5232,
1173,1.4902,1.4922,1.7104,1.5237,
1174,1.4902,1.4924,1.7107,1.5237,
1175,1.4905,1.4927,1.7114,1.5239,
1176,1.4907,1.4929,1.7117,1.5242,
1177,1.4907,1.4929,1.7119,1.5244,
1178,1.4910,1.4934,1.7122,1.5244,
1179,1.4912,1.4937,1.7129,1.5247,
1180,1.4915,1.4939,1.7131,1.5251,
1181,1.4915,1.4939,1.7134,1.5254,
1182,1.4919,1.4941,1.7139,1.5254,
1183,1.4922,1.4944,1.7144,1.5256,
1184,1.5264,1.5288,1.7498,1.5613,
1185,1.5266,1.5291,1.7502,1.5615,
1186,1.5271,1.5293,1.7505,1.5620,
1187,1.5273,1.5295,1.7507,1.5620,
1188,1.5273,1.5295,1.7515,1.5623,
1189,1.5276,1.5298,1.7517,1.5625,
1190,1.5278,1.5303,1.7522,1.5627,
1191,1.5281,1.5305,1.7524,1.5627,
1192,1.5281,1.5305,1.7529,1.5630,
1193,1.5283,1.5308,1.7532,1.5635,
1194,1.5288,1.5310,1.7537,1.5637,
1195,1.5291,1.5312,1.7539,1.5637,
1196,1.5291,1.5312,1.7544,1.5640,
1197,1.5293,1.5315,1.7549,1.5642,
1198,1.5295,1.5320,1.7551,1.5645,
1199,1.5295,1.5322,1.7554,1.5645,
1200,1.5298,1.5322,1.7561,1.5647,
1201,1.5303,1.5325,1.7563,1.5652,
1202,1.5305,1.5327,1.7566,1.5654,
1203,1.5305,1.5330,1.7568,1.5654,
1204,1.5308,1.5330,1.7576,1.5657,
1205,1.5310,1.5334,1.7578,1.5659,
1206,1.5312,1.5337,1.7583,1.5662,
1207,1.5312,1.5339,1.7585,1.5662,
1208,1.5315,1.5339,1.7588,1.5664,
1209,1.5320,1.5342,1.7595,1.5669,
1210,1.5322,1.5344,1.7598,1.5671,
1211,1.5322,1.5344,1.7600,1.5671,
1212,1.5325,1.5347,1.7607,1.5674,
1213,1.5327,1.5352,1.7610,1.5676,
1214,1.5330,1.5354,1.7612,1.5679,
1215,1.5330,1.5354,1.7617,1.5679,
1216,1.5676,1.5703,1.7969,1.6030,
1217,1.5679,1.5706,1.7971,1.6035,
1218,1.5679,1.5708,1.7979,1.6038,
1219,1.5681,1.5708,1.7981,1.6040,
1220,1.5686,1.5710,1.7983,1.6042,
1221,1.5688,1.5713,1.7991,1.6042,
1222,1.5688,1.5718,1.7993,1.6045,
1223,1.5691,1.5720,1.7996,1.6047,
1224,1.5693,1.5720,1.8000,1.6052,
1225,1.5696,1.5723,1.8003,1.6055,
1226,1.5696,1.5725,1.8008,1.6055,
1227,1.5698,1.5728,1.8013,1.6057,
1228,1.5703,1.5728,1.8015,1.6060,
1229,1.5706,1.5730,1.8018,1.6062,
1230,1.5706,1.5735,1.8025,1.6062,
1231,1.5708,1.5737,1.8027,1.6067,
1232,1.5710,1.5737,1.8030,1.6069,
1233,1.5713,1.5740,1.8035,1.6072,
1234,1.5718,1.5742,1.8040,1.6072,
1235,1.5718,1.5745,1.8042,1.6074,
1236,1.5720,1.5750,1.8047,1.6077,
1237,1.5723,1.5750,1.8049,1.6079,
1238,1.5725,1.5752,1.8052,1.6084,
1239,1.5725,1.5754,1.8059,1.6084,
1240,1.5728,1.5757,1.8062,1.6086,
1241,1.5730,1.5757,1.8064,1.6089,
1242,1.5735,1.5759,1.8071,1.6091,
1243,1.5735,1.5762,1.8074,1.6091,
1244,1.5737,1.5767,1.8076,1.6094,
1245,1.5740,1.5769,1.8081,1.6099,
1246,1.5742,1.5769,1.8083,1.6101,
1247,1.5742,1.5771,1.8088,1.6104,
1248,1.6089,1.6118,1.8445,1.6458,
1249,1.6091,1.6121,1.8447,1.6458,
1250,1.6091,1.6121,1.8450,1.6460,
1251,1.6094,1.6123,1.8457,1.6462,
1252,1.6096,1.6125,1.8459,1.6467,
1253,1.6099,1.6128,1.8462,1.6467,
1254,1.6099,1.6128,1.8464,1.6470,
1255,1.6104,1.6130,1.8472,1.6472,
1256,1.6106,1.6135,1.8474,1.6475,
1257,1.6106,1.6138,1.8477,1.6475,
1258,1.6108,1.6138,1.8481,1.6477,
1259,1.6111,1.6140,1.8484,1.6479,
1260,1.6113,1.6143,1.8489,1.6484,
1261,1.6113,1.6145,1.8494,1.6484,
1262,1.6118,1.6145,1.8496,1.6487,
1263,1.6121,1.6150,1.8499,1.6489,
1264,1.6123,1.6152,1.8503,1.6492,
1265,1.6123,1.6155,1.8508,1.6494,
1266,1.6125,1.6155,1.8511,1.6494,
1267,1.6128,1.6157,1.8513,1.6499,
1268,1.6130,1.6160,1.8516,1.6501,
1269,1.6130,1.6162,1.8523,1.6501,
1270,1.6135,1.6162,1.8525,1.6504,
1271,1.6138,1.6167,1.8528,1.6506,
1272,1.6140,1.6169,1.8535,1.6509,
1273,1.6140,1.6172,1.8538,1.6509,
1274,1.6143,1.6172,1.8540,1.6511,
1275,1.6145,1.6174,1.8542,1.6516,
1276,1.6150,1.6177,1.8547,1.6519,
1277,1.6150,1.6182,1.8552,1.6521,
1278,1.6152,1.6182,1.8555,1.6521,
1279,1.6155,1.6184,1.8560,1.6523,
1280,1.6497,1.6528,1.8914,1.6882,
1281,1.6501,1.6528,1.8918,1.6882,
1282,1.6504,1.6533,1.8921,1.6885,
1283,1.6506,1.6536,1.8926,1.6887,
1284,1.6506,1.6538,1.8928,1.6890,
1285,1.6509,1.6538,1.8931,1.6890,
1286,1.6511,1.6541,1.8938,1.6892,
1287,1.6514,1.6543,1.8940,1.6895,
1288,1.6514,1.6545,1.8943,1.6899,
1289,1.6519,1.6545,1.8948,1.6899,
1290,1.6521,1.6550,1.8953,1.6902,
1291,1.6521,1.6553,1.8955,1.6904,
1292,1.6523,1.6555,1.8960,1.6907,
1293,1.6526,1.6555,1.8962,1.6907,
1294,1.6528,1.6558,1.8967,1.6909,
1295,1.6528,1.6560,1.8970,1.6914,
1296,1.6531,1.6565,1.8975,1.6917,
1297,1.6536,1.6565,1.8977,1.6917,
1298,1.6538,1.6567,1.8979,1.6919,
1299,1.6538,1.6570,1.8987,1.6921,
1300,1.6541,1.6572,1.8989,1.6924,
1301,1.6543,1.6572,1.8992,1.6924,
1302,1.6543,1.6575,1.8999,1.6926,
1303,1.6545,1.6577,1.9001,1.6931,
1304,1.6550,1.6582,1.9004,1.6934,
1305,1.6553,1.6582,1.9006,1.6934,
1306,1.6553,1.6584,1.9011,1.6936,
1307,1.6555,1.6587,1.9016,1.6938,
1308,1.6558,1.6589,1.9019,1.6938,
1309,1.6560,1.6589,1.9021,1.6941,
1310,1.6560,1.6592,1.9026,1.6943,
1311,1.6562,1.6594,1.9031,1.6948,
1312,1.6909,1.6941,1.9382,1.7302,
1313,1.6909,1.6943,1.9387,1.7305,
1314,1.6912,1.6946,1.9390,1.7305,
1315,1.6914,1.6951,1.9392,1.7307,
1316,1.6919,1.6951,1.9399,1.7310,
1317,1.6919,1.6953,1.9402,1.7314,
1318,1.6921,1.6956,1.9404,1.7317,
1319,1.6924,1.6958,1.9409,1.7317,
1320,1.6926,1.6958,1.9414,1.7319,
1321,1.6926,1.6960,1.9417,1.7322,
1322,1.6929,1.6965,1.9421,1.7324,
1323,1.6934,1.6968,1.9424,1.7324,
1324,1.6936,1.6968,1.9426,1.7327,
1325,1.6936,1.6970,1.9434,1.7332,
1326,1.6938,1.6973,1.9436,1.7334,
1327,1.6941,1.6975,1.9438,1.7334,
1328,1.6943,1.6978,1.9443,1.7336,
1329,1.6943,1.6978,1.9448,1.7339,
1330,1.6946,1.6982,1.9453,1.7341,
1331,1.6951,1.6985,1.9456,1.7346,
1332,1.6953,1.6987,1.9458,1.7346,
1333,1.6953,1.6987,1.9463,1.7349,
1334,1.6956,1.6990,1.9468,1.7351,
1335,1.6958,1.6992,1.9470,1.7354,
1336,1.6960,1.6997,1.9475,1.7354,
1337,1.6960,1.6997,1.9480,1.7356,
1338,1.6965,1.7000,1.9482,1.7358,
1339,1.6968,1.7002,1.9487,1.7363,
1340,1.6970,1.7004,1.9490,1.7366,
1341,1.6973,1.7007,1.9495,1.7366,
1342,1.6973,1.7007,1.9500,1.7368,
1343,1.6975,1.7009,1.9502,1.7371,
1344,1.7324,1.7356,1.9854,1.7725,
1345,1.7324,1.7356,1.9856,1.7725,
1346,1.7327,1.7358,1.9863,1.7727,
1347,1.7329,1.7361,1.9866,1.7732,
1348,1.7334,1.7366,1.9868,1.7734,
1349,1.7334,1.7366,1.9873,1.7734,
1350,1.7336,1.7368,1.9878,1.7737,
1351,1.7339,1.7371,1.9880,1.7739,
1352,1.7339,1.7373,1.9883,1.7742,
1353,1.7341,1.7373,1.9888,1.7742,
1354,1.7344,1.7375,1.9890,1.7747,
1355,1.7346,1.7378,1.9895,1.7749,
1356,1.7346,1.7383,1.9897,1.7751,
1357,1.7351,1.7383,1.9902,1.7751,
1358,1.7354,1.7385,1.9905,1.7754,
1359,1.7356,1.7388,1.9907,1.7756,
1360,1.7356,1.7390,1.9912,1.7759,
1361,1.7358,1.7390,1.9917,1.7759,
1362,1.7361,1.7393,1.9919,1.7764,
1363,1.7366,1.7397,1.9922,1.7766,
1364,1.7366,1.7400,1.9929,1.7769,
1365,1.7368,1.7400,1.9932,1.7769,
1366,1.7371,1.7402,1.9934,1.7771,
1367,1.7371,1.7405,1.9937,1.7773,
1368,1.7373,1.7407,1.9944,1.7778,
1369,1.7375,1.7407,1.9946,1.7778,
1370,1.7378,1.7410,1.9949,1.7781,
1371,1.7378,1.7415,1.9951,1.7783,
1372,1.7383,1.7417,1.9958,1.7786,
1373,1.7385,1.7417,1.9961,1.7786,
1374,1.7388,1.7419,1.9963,1.7788,
1375,1.7388,1.7422,1.9966,1.7791,
1376,1.7734,1.7769,2.0320,1.8142,
1377,1.7737,1.7771,2.0322,1.8142,
1378,1.7737,1.7771,2.0327,1.8147,
1379,1.7739,1.7773,2.0332,1.8149,
1380,1.7742,1.7776,2.0334,1.8152,
1381,1.7744,1.7776,2.0337,1.8152,
1382,1.7744,1.7781,2.0344,1.8154,
1383,1.7749,1.7783,2.0347,1.8157,
1384,1.7751,1.7786,2.0349,1.8162,
1385,1.7754,1.7786,2.0354,1.8162,
1386,1.7754,1.7788,2.0359,1.8164,
1387,1.7756,1.7791,2.0361,1.8167,
1388,1.7759,1.7793,2.0364,1.8169,
1389,1.7761,1.7793,2.0369,1.8169,
1390,1.7761,1.7798,2.0371,1.8171,
1391,1.7766,1.7800,2.0376,1.8174,
1392,1.7769,1.7803,2.0381,1.8179,
1393,1.7769,1.7803,2.0383,1.8179,
1394,1.7771,1.7805,2.0386,1.8181,
1395,1.7773,1.7808,2.0393,1.8184,
1396,1.7776,1.7812,2.0396,1.8186,
1397,1.7776,1.7812,2.0398,1.8186,
1398,1.7781,1.7815,2.0400,1.8188,
1399,1.7783,1.7817,2.0408,1.8191,
1400,1.7786,1.7820,2.0410,1.8196,
1401,1.7786,1.7820,2.0413,1.8196,
1402,1.7788,1.7822,2.0417,1.8198,
1403,1.7791,1.7825,2.0422,1.8201,
1404,1.7793,1.7830,2.0425,1.8203,
1405,1.7793,1.7830,2.0427,1.8203,
1406,1.7798,1.7832,2.0432,1.8206,
1407,1.7800,1.7834,2.0435,1.8210,
1408,1.8149,1.8184,2.0791,1.8562,
1409,1.8149,1.8184,2.0796,1.8564,
1410,1.8152,1.8186,2.0798,1.8564,
1411,1.8154,1.8188,2.0801,1.8567,
1412,1.8154,1.8191,2.0808,1.8569,
1413,1.8157,1.8191,2.0811,1.8572,
1414,1.8159,1.8193,2.0813,1.8572,
1415,1.8162,1.8198,2.0818,1.8574,
1416,1.8162,1.8201,2.0823,1.8579,
1417,1.8167,1.8201,2.0825,1.8582,
1418,1.8169,1.8203,2.0830,1.8582,
1419,1.8171,1.8206,2.0833,1.8584,
1420,1.8171,1.8208,2.0837,1.8586,
1421,1.8174,1.8208,2.0840,1.8589,
1422,1.8176,1.8213,2.0845,1.8589,
1423,1.8181,1.8215,2.0847,1.8594,
1424,1.8181,1.8218,2.0854,1.8596,
1425,1.8184,1.8218,2.0857,1.8596,
1426,1.8186,1.8220,2.0859,1.8599,
1427,1.8188,1.8223,2.0862,1.8601,
1428,1.8188,1.8225,2.0867,1.8604,
1429,1.8191,1.8225,2.0872,1.8606,
1430,1.8193,1.8230,2.0876,1.8606,
1431,1.8193,1.8232,2.0879,1.8611,
1432,1.8198,1.8235,2.0881,1.8613,
1433,1.8201,1.8235,2.0886,1.8616,
1434,1.8203,1.8237,2.0891,1.8616,
1435,1.8203,1.8240,2.0894,1.8618,
1436,1.8206,1.8245,2.0896,1.8621,
1437,1.8208,1.8245,2.0903,1.8621,
1438,1.8213,1.8247,2.0906,1.8625,
1439,1.8213,1.8250,2.0908,1.8628,
1440,1.8557,1.8596,2.1262,1.8982,
1441,1.8560,1.8599,2.1265,1.8984,
1442,1.8560,1.8601,2.1270,1.8987,
1443,1.8564,1.8604,2.1272,1.8987,
1444,1.8567,1.8604,2.1277,1.8989,
1445,1.8567,1.8606,2.1279,1.8994,
1446,1.8569,1.8608,2.1282,1.8997,
1447,1.8572,1.8613,2.1289,1.8997,
1448,1.8574,1.8613,2.1292,1.8999,
1449,1.8574,1.8616,2.1294,1.9001,
1450,1.8577,1.8618,2.1296,1.9004,
1451,1.8582,1.8621,2.1304,1.9004,
1452,1.8584,1.8621,2.1306,1.9006,
1453,1.8584,1.8623,2.1309,1.9011,
1454,1.8586,1.8625,2.1313,1.9014,
1455,1.8589,1.8630,2.1318,1.9014,
1456,1.8591,1.8630,2.1321,1.9016,
1457,1.8591,1.8633,2.1323,1.9019,
1458,1.8594,1.8635,2.1328,1.9021,
1459,1.8599,1.8638,2.1331,1.9021,
1460,1.8601,1.8638,2.1335,1.9026,
1461,1.8601,1.8640,2.1340,1.9028,
1462,1.8604,1.8645,2.1343,1.9031,
1463,1.8606,1.8647,2.1345,1.9031,
1464,1.8606,1.8647,2.1350,1.9033,
1465,1.8608,1.8650,2.1355,1.9036,
1466,1.8613,1.8652,2.1357,1.9038,
1467,1.8616,1.8655,2.1360,1.9038,
1468,1.8616,1.8655,2.1367,1.9043,
1469,1.8618,1.8657,2.1370,1.9045,
1470,1.8621,1.8662,2.1372,1.9048,
1471,1.8623,1.8665,2.1377,1.9048,
1472,1.8967,1.9006,2.1729,1.9404,
1473,1.8970,1.9009,2.1733,1.9409,
1474,1.8972,1.9014,2.1738,1.9409,
1475,1.8972,1.9014,2.1741,1.9412,
1476,1.8975,1.9016,2.1746,1.9414,
1477,1.8977,1.9019,2.1750,1.9417,
1478,1.8982,1.9021,2.1753,1.9419,
1479,1.8982,1.9021,2.1758,1.9419,
1480,1.8984,1.9023,2.1760,1.9421,
1481,1.8987,1.9028,2.1765,1.9426,
1482,1.8989,1.9031,2.1770,1.9429,
1483,1.8992,1.9033,2.1772,1.9429,
1484,1.8992,1.9033,2.1775,1.9431,
1485,1.8997,1.9036,2.1782,1.9434,
1486,1.8999,1.9038,2.1785,1.9436,
1487,1.9001,1.9041,2.1790,1.9441,
1488,1.9001,1.9041,2.1792,1.9441,
1489,1.9004,1.9045,2.1797,1.9443,
1490,1.9006,1.9048,2.1802,1.9446,
1491,1.9009,1.9050,2.1804,1.9448,
1492,1.9009,1.9050,2.1807,1.9448,
1493,1.9014,1.9053,2.1814,1.9451,
1494,1.9016,1.9055,2.1816,1.9453,
1495,1.9019,1.9060,2.1819,1.9458,
1496,1.9019,1.9062,2.1824,1.9458,
1497,1.9021,1.9062,2.1826,1.9460,
1498,1.9023,1.9065,2.1833,1.9463,
1499,1.9028,1.9067,2.1836,1.9465,
1500,1.9028,1.9070,2.1838,1.9468,
1501,1.9031,1.9070,2.1846,1.9468,
1502,1.9033,1.9072,2.1848,1.9470,
1503,1.9036,1.9077,2.1851,1.9475,
1504,1.9377,1.9421,2.2205,1.9829,
1505,1.9382,1.9421,2.2207,1.9829,
1506,1.9385,1.9424,2.2214,1.9832,
1507,1.9387,1.9429,2.2217,1.9834,
1508,1.9387,1.9431,2.2219,1.9836,
1509,1.9390,1.9431,2.2222,1.9836,
1510,1.9392,1.9434,2.2229,1.9841,
1511,1.9397,1.9436,2.2231,1.9844,
1512,1.9397,1.9438,2.2234,1.9846,
1513,1.9399,1.9438,2.2239,1.9846,
1514,1.9402,1.9441,2.2241,1.9849,
1515,1.9402,1.9446,2.2246,1.9851,
1516,1.9404,1.9448,2.2249,1.9854,
1517,1.9407,1.9448,2.2253,1.9854,
1518,1.9409,1.9451,2.2256,1.9858,
1519,1.9409,1.9453,2.2263,1.9861,
1520,1.9414,1.9456,2.2266,1.9863,
1521,1.9417,1.9456,2.2268,1.9863,
1522,1.9419,1.9460,2.2271,1.9866,
1523,1.9419,1.9463,2.2278,1.9868,
1524,1.9421,1.9465,2.2283,1.9873,
1525,1.9424,1.9465,2.2285,1.9873,
1526,1.9429,1.9468,2.2288,1.9875,
1527,1.9429,1.9470,2.2290,1.9878,
1528,1.9431,1.9473,2.2297,1.9880,
1529,1.9434,1.9473,2.2300,1.9880,
1530,1.9434,1.9478,2.2302,1.9883,
1531,1.9436,1.9480,2.2310,1.9885,
1532,1.9438,1.9482,2.2312,1.9890,
1533,1.9441,1.9482,2.2314,1.9890,
1534,1.9441,1.9485,2.2319,1.9893,
1535,1.9446,1.9487,2.2322,1.9895,
1536,1.9800,1.9834,2.2678,2.0244,
1537,1.9802,1.9836,2.2683,2.0247,
1538,1.9802,1.9839,2.2686,2.0249,
1539,1.9805,1.9844,2.2688,2.0251,
1540,1.9807,1.9844,2.2695,2.0251,
1541,1.9812,1.9846,2.2698,2.0254,
1542,1.9812,1.9849,2.2700,2.0259,
1543,1.9814,1.9851,2.2703,2.0261,
1544,1.9817,1.9851,2.2710,2.0261,
1545,1.9819,1.9854,2.2712,2.0264,
1546,1.9819,1.9856,2.2715,2.0266,
1547,1.9822,1.9861,2.2720,2.0269,
1548,1.9824,1.9861,2.2725,2.0269,
1549,1.9824,1.9863,2.2727,2.0273,
1550,1.9829,1.9866,2.2729,2.0276,
1551,1.9832,1.9868,2.2734,2.0278,
1552,1.9834,1.9868,2.2737,2.0278,
1553,1.9834,1.9871,2.2742,2.0281,
1554,1.9836,1.9875,2.2744,2.0283,
1555,1.9839,1.9878,2.2749,2.0286,
1556,1.9844,1.9878,2.2751,2.0286,
1557,1.9844,1.9880,2.2754,2.0291,
1558,1.9846,1.9883,2.2761,2.0293,
1559,1.9849,1.9885,2.2764,2.0295,
1560,1.9851,1.9885,2.2766,2.0298,
1561,1.9851,1.9888,2.2769,2.0298,
1562,1.9854,1.9893,2.2776,2.0300,
1563,1.9856,1.9895,2.2778,2.0305,
1564,1.9861,1.9895,2.2781,2.0308,
1565,1.9861,1.9897,2.2786,2.0308,
1566,1.9863,1.9900,2.2791,2.0310,
1567,1.9866,1.9902,2.2793,2.0312,
1568,2.0208,2.0249,2.3147,2.0664,
1569,2.0212,2.0251,2.3149,2.0664,
1570,2.0215,2.0254,2.3152,2.0667,
1571,2.0217,2.0256,2.3159,2.0669,
1572,2.0217,2.0256,2.3162,2.0674,
1573,2.0220,2.0261,2.3167,2.0676,
1574,2.0222,2.0264,2.3169,2.0676,
1575,2.0225,2.0266,2.3174,2.0679,
1576,2.0225,2.0269,2.3179,2.0681,
1577,2.0229,2.0269,2.3181,2.0684,
1578,2.0232,2.0271,2.3184,2.0684,
1579,2.0234,2.0276,2.3191,2.0688,
1580,2.0234,2.0278,2.3193,2.0691,
1581,2.0237,2.0278,2.3196,2.0693,
1582,2.0239,2.0281,2.3201,2.0693,
1583,2.0244,2.0283,2.3206,2.0696,
1584,2.0244,2.0286,2.3210,2.0698,
1585,2.0247,2.0286,2.3213,2.0701,
1586,2.0249,2.0288,2.3215,2.0706,
1587,2.0251,2.0293,2.3223,2.0706,
1588,2.0254,2.0295,2.3225,2.0708,
1589,2.0254,2.0298,2.3228,2.0710,
1590,2.0256,2.0298,2.3232,2.0713,
1591,2.0261,2.0300,2.3237,2.0713,
1592,2.0264,2.0303,2.3240,2.0715,
1593,2.0264,2.0308,2.3245,2.0720,
1594,2.0266,2.0308,2.3247,2.0723,
1595,2.0269,2.0310,2.3250,2.0725,
1596,2.0271,2.0312,2.3257,2.0725,
1597,2.0271,2.0315,2.3259,2.0728,
1598,2.0276,2.0317,2.3262,2.0730,
1599,2.0278,2.0317,2.3269,2.0732,
1600,2.0620,2.0667,2.3625,2.1089,
1601,2.0623,2.0669,2.3628,2.1089,
1602,2.0627,2.0669,2.3630,2.1091,
1603,2.0630,2.0671,2.3638,2.1094,
1604,2.0630,2.0676,2.3640,2.1096,
1605,2.0632,2.0679,2.3643,2.1096,
1606,2.0635,2.0679,2.3645,2.1099,
1607,2.0637,2.0681,2.3652,2.1101,
1608,2.0637,2.0684,2.3655,2.1106,
1609,2.0640,2.0686,2.3657,2.1106,
1610,2.0645,2.0686,2.3662,2.1108,
1611,2.0647,2.0688,2.3665,2.1111,
1612,2.0647,2.0693,2.3669,2.1113,
1613,2.0649,2.0696,2.3672,2.1113,
1614,2.0652,2.0696,2.3677,2.1116,
1615,2.0654,2.0698,2.3679,2.1121,
1616,2.0654,2.0701,2.3687,2.1123,
1617,2.0657,2.0703,2.3689,2.1125,
1618,2.0662,2.0703,2.3691,2.1125,
1619,2.0664,2.0708,2.3696,2.1128,
1620,2.0664,2.0710,2.3701,2.1130,
1621,2.0667,2.0713,2.3704,2.1133,
1622,2.0669,2.0715,2.3708,2.1133,
1623,2.0671,2.0715,2.3711,2.1138,
1624,2.0671,2.0718,2.3713,2.1140,
1625,2.0676,2.0720,2.3721,2.1143,
1626,2.0679,2.0725,2.3723,2.1143,
1627,2.0681,2.0725,2.3726,2.1145,
1628,2.0681,2.0728,2.3728,2.1147,
1629,2.0684,2.0730,2.3735,2.1152,
1630,2.0686,2.0732,2.3738,2.1152,
1631,2.0686,2.0732,2.3743,2.1155,
1632,2.1033,2.1079,2.4094,2.1506,
1633,2.1035,2.1082,2.4097,2.1509,
1634,2.1035,2.1084,2.4102,2.1509,
1635,2.1038,2.1084,2.4106,2.1511,
1636,2.1040,2.1086,2.4109,2.1514,
1637,2.1045,2.1091,2.4111,2.1516,
1638,2.1045,2.1091,2.4119,2.1516,
1639,2.1047,2.1094,2.4121,2.1521,
1640,2.1050,2.1096,2.4124,2.1523,
1641,2.1052,2.1099,2.4126,2.1526,
1642,2.1052,2.1099,2.4133,2.1526,
1643,2.1055,2.1101,2.4136,2.1528,
1644,2.1060,2.1104,2.4138,2.1531,
1645,2.1062,2.1108,2.4143,2.1533,
1646,2.1062,2.1108,2.4148,2.1533,
1647,2.1064,2.1111,2.4150,2.1538,
1648,2.1067,2.1113,2.4153,2.1541,
1649,2.1069,2.1116,2.4158,2.1543,
1650,2.1069,2.1116,2.4160,2.1543,
1651,2.1072,2.1118,2.4165,2.1545,
1652,2.1077,2.1123,2.4167,2.1548,
1653,2.1077,2.1125,2.4172,2.1553,
1654,2.1079,2.1125,2.4175,2.1553,
1655,2.1082,2.1128,2.4177,2.1555,
1656,2.1084,2.1130,2.4182,2.1558,
1657,2.1084,2.1133,2.4187,2.1560,
1658,2.1086,2.1133,2.4189,2.1560,
1659,2.1091,2.1135,2.4192,2.1562,
1660,2.1094,2.1140,2.4199,2.1565,
1661,2.1094,2.1143,2.4202,2.1570,
1662,2.1096,2.1143,2.4204,2.1570,
1663,2.1099,2.1145,2.4207,2.1572,
1664,2.1440,2.1497,2.4565,2.1926,
1665,2.1445,2.1499,2.4568,2.1929,
1666,2.1448,2.1499,2.4573,2.1931,
1667,2.1448,2.1501,2.4575,2.1931,
1668,2.1450,2.1504,2.4580,2.1936,
1669,2.1453,2.1504,2.4585,2.1938,
1670,2.1455,2.1509,2.4587,2.1941,
1671,2.1455,2.1511,2.4590,2.1941,
1672,2.1460,2.1514,2.4592,2.1943,
1673,2.1462,2.1514,2.4600,2.1946,
1674,2.1465,2.1516,2.4602,2.1948,
1675,2.1465,2.1519,2.4604,2.1948,
1676,2.1467,2.1523,2.4612,2.1953,
1677,2.1470,2.1523,2.4614,2.1956,
1678,2.1472,2.1526,2.4617,2.1958,
1679,2.1472,2.1528,2.4622,2.1958,
1680,2.1477,2.1531,2.4624,2.1960,
1681,2.1479,2.1531,2.4629,2.1963,
1682,2.1479,2.1533,2.4631,2.1968,
1683,2.1482,2.1536,2.4636,2.1968,
1684,2.1484,2.1541,2.4639,2.1970,
1685,2.1487,2.1541,2.4644,2.1973,
1686,2.1487,2.1543,2.4646,2.1973,
1687,2.1492,2.1545,2.4651,2.1975,
1688,2.1494,2.1548,2.4653,2.1978,
1689,2.1497,2.1548,2.4656,2.1980,
1690,2.1497,2.1550,2.4661,2.1980,
1691,2.1499,2.1555,2.4666,2.1985,
1692,2.1501,2.1558,2.4668,2.1987,
1693,2.1501,2.1558,2.4670,2.1990,
1694,2.1504,2.1560,2.4678,2.1990,
1695,2.1509,2.1562,2.4680,2.1992,
1696,2.1853,2.1914,2.5034,2.2346,
1697,2.1853,2.1914,2.5039,2.2349,
1698,2.1855,2.1917,2.5044,2.2354,
1699,2.1860,2.1919,2.5046,2.2354,
1700,2.1863,2.1919,2.5051,2.2356,
1701,2.1863,2.1924,2.5054,2.2358,
1702,2.1865,2.1926,2.5056,2.2361,
1703,2.1868,2.1929,2.5061,2.2361,
1704,2.1868,2.1929,2.5066,2.2363,
1705,2.1870,2.1931,2.5068,2.2368,
1706,2.1875,2.1934,2.5071,2.2371,
1707,2.1877,2.1938,2.5078,2.2371,
1708,2.1877,2.1938,2.5081,2.2373,
1709,2.1880,2.1941,2.5083,2.2375,
1710,2.1882,2.1943,2.5088,2.2378,
1711,2.1885,2.1946,2.5093,2.2378,
1712,2.1885,2.1946,2.5095,2.2380,
1713,2.1887,2.1948,2.5100,2.2385,
1714,2.1892,2.1951,2.5103,2.2388,
1715,2.1895,2.1956,2.5107,2.2388,
1716,2.1895,2.1956,2.5112,2.2390,
1717,2.1897,2.1958,2.5115,2.2393,
1718,2.1899,2.1960,2.5117,2.2395,
1719,2.1899,2.1963,2.5125,2.2395,
1720,2.1902,2.1963,2.5127,2.2400,
1721,2.1907,2.1965,2.5129,2.2402,
1722,2.1909,2.1968,2.5134,2.2402,
1723,2.1909,2.1973,2.5137,2.2405,
1724,2.1912,2.1973,2.5144,2.2407,
1725,2.1914,2.1975,2.5146,2.2410,
1726,2.1917,2.1978,2.5149,2.2410,
1727,2.1917,2.1980,2.5156,2.2412,
1728,2.2266,2.2334,2.5508,2.2769,
1729,2.2268,2.2339,2.5510,2.2771,
1730,2.2268,2.2341,2.5515,2.2773,
1731,2.2271,2.2341,2.5518,2.2776,
1732,2.2275,2.2344,2.5520,2.2776,
1733,2.2278,2.2346,2.5527,2.2778,
1734,2.2280,2.2349,2.5530,2.2781,
1735,2.2280,2.2351,2.5532,2.2786,
1736,2.2283,2.2351,2.5540,2.2788,
1737,2.2285,2.2356,2.5542,2.2788,
1738,2.2288,2.2358,2.5544,2.2791,
1739,2.2288,2.2361,2.5549,2.2793,
1740,2.2292,2.2361,2.5552,2.2795,
1741,2.2295,2.2363,2.5557,2.2795,
1742,2.2297,2.2366,2.5562,2.2800,
1743,2.2297,2.2371,2.5564,2.2803,
1744,2.2300,2.2371,2.5566,2.2805,
1745,2.2302,2.2373,2.5574,2.2805,
1746,2.2307,2.2375,2.5576,2.2808,
1747,2.2307,2.2378,2.5581,2.2810,
1748,2.2310,2.2380,2.5583,2.2812,
1749,2.2312,2.2380,2.5588,2.2817,
1750,2.2314,2.2383,2.5593,2.2817,
1751,2.2314,2.2388,2.5596,2.2820,
1752,2.2317,2.2390,2.5598,2.2822,
1753,2.2319,2.2390,2.5605,2.2825,
1754,2.2324,2.2393,2.5608,2.2825,
1755,2.2327,2.2395,2.5610,2.2827,
1756,2.2327,2.2397,2.5615,2.2832,
1757,2.2329,2.2402,2.5620,2.2834,
1758,2.2332,2.2402,2.5623,2.2837,
1759,2.2334,2.2405,2.5627,2.2837,
1760,2.2681,2.2759,2.5979,2.3188,
1761,2.2681,2.2759,2.5984,2.3191,
1762,2.2683,2.2761,2.5989,2.3193,
1763,2.2686,2.2764,2.5991,2.3193,
1764,2.2686,2.2766,2.5994,2.3196,
1765,2.2690,2.2766,2.5999,2.3201,
1766,2.2693,2.2771,2.6003,2.3203,
1767,2.2695,2.2773,2.6006,2.3203,
1768,2.2695,2.2776,2.6008,2.3206,
1769,2.2698,2.2776,2.6013,2.3208,
1770,2.2700,2.2778,2.6016,2.3210,
1771,2.2703,2.2781,2.6021,2.3210,
1772,2.2703,2.2783,2.6023,2.3215,
1773,2.2708,2.2783,2.6028,2.3218,
1774,2.2710,2.2788,2.6030,2.3220,
1775,2.2712,2.2791,2.6035,2.3220,
1776,2.2712,2.2793,2.6040,2.3223,
1777,2.2715,2.2793,2.6042,2.3225,
1778,2.2717,2.2795,2.6045,2.3228,
1779,2.2720,2.2798,2.6047,2.3228,
1780,2.2720,2.2803,2.6055,2.3232,
1781,2.2725,2.2803,2.6057,2.3235,
1782,2.2727,2.2805,2.6060,2.3237,
1783,2.2727,2.2808,2.6067,2.3237,
1784,2.2729,2.2810,2.6069,2.3240,
1785,2.2732,2.2810,2.6072,2.3242,
1786,2.2734,2.2812,2.6074,2.3247,
1787,2.2734,2.2815,2.6079,2.3247,
1788,2.2739,2.2820,2.6084,2.3250,
1789,2.2742,2.2820,2.6086,2.3252,
1790,2.2744,2.2822,2.6091,2.3254,
1791,2.2744,2.2825,2.6094,2.3254,
1792,2.3091,2.3179,2.6455,2.3611,
1793,2.3093,2.3181,2.6458,2.3611,
1794,2.3093,2.3186,2.6462,2.3616,
1795,2.3096,2.3188,2.6467,2.3618,
1796,2.3098,2.3188,2.6470,2.3621,
1797,2.3101,2.3191,2.6475,2.3621,
1798,2.3101,2.3193,2.6477,2.3623,
1799,2.3103,2.3196,2.6479,2.3625,
1800,2.3108,2.3196,2.6484,2.3628,
1801,2.3108,2.3198,2.6489,2.3628,
1802,2.3110,2.3203,2.6492,2.3633,
1803,2.3113,2.3206,2.6494,2.3635,
1804,2.3115,2.3206,2.6501,2.3638,
1805,2.3115,2.3208,2.6504,2.3638,
1806,2.3118,2.3210,2.6506,2.3640,
1807,2.3123,2.3213,2.6511,2.3643,
1808,2.3125,2.3213,2.6516,2.3647,
1809,2.3125,2.3218,2.6519,2.3647,
1810,2.3127,2.3220,2.6523,2.3650,
1811,2.3130,2.3223,2.6526,2.3652,
1812,2.3132,2.3223,2.6531,2.3655,
1813,2.3132,2.3225,2.6533,2.3655,
1814,2.3135,2.3228,2.6538,2.3657,
1815,2.3140,2.3230,2.6541,2.3660,
1816,2.3142,2.3230,2.6543,2.3665,
1817,2.3142,2.3235,2.6550,2.3665,
1818,2.3145,2.3237,2.6553,2.3667,
1819,2.3147,2.3240,2.6555,2.3669,
1820,2.3147,2.3240,2.6558,2.3669,
1821,2.3149,2.3242,2.6565,2.3672,
1822,2.3154,2.3245,2.6567,2.3674,
1823,2.3157,2.3247,2.6570,2.3679,
1824,2.3499,2.3599,2.6924,2.4033,
1825,2.3501,2.3604,2.6926,2.4033,
1826,2.3503,2.3606,2.6931,2.4036,
1827,2.3503,2.3606,2.6936,2.4038,
1828,2.3508,2.3608,2.6938,2.4041,
1829,2.3511,2.3611,2.6941,2.4043,
1830,2.3513,2.3613,2.6948,2.4043,
1831,2.3513,2.3618,2.6951,2.4048,
1832,2.3516,2.3618,2.6953,2.4050,
1833,2.3518,2.3621,2.6958,2.4053,
1834,2.3523,2.3623,2.6963,2.4053,
1835,2.3525,2.3625,2.6965,2.4055,
1836,2.3525,2.3625,2.6970,2.4058,
1837,2.3528,2.3628,2.6973,2.4060,
1838,2.3530,2.3630,2.6975,2.4065,
1839,2.3533,2.3635,2.6982,2.4065,
1840,2.3533,2.3638,2.6985,2.4067,
1841,2.3535,2.3638,2.6987,2.4070,
1842,2.3540,2.3640,2.6995,2.4072,
1843,2.3542,2.3643,2.6997,2.4072,
1844,2.3542,2.3645,2.7000,2.4075,
1845,2.3545,2.3645,2.7004,2.4080,
1846,2.3547,2.3650,2.7007,2.4082,
1847,2.3550,2.3652,2.7012,2.4084,
1848,2.3550,2.3655,2.7017,2.4084,
1849,2.3555,2.3655,2.7019,2.4087,
1850,2.3557,2.3657,2.7021,2.4089,
1851,2.3560,2.3660,2.7029,2.4092,
1852,2.3562,2.3662,2.7031,2.4092,
1853,2.3562,2.3667,2.7034,2.4097,
1854,2.3564,2.3667,2.7039,2.4099,
1855,2.3567,2.3669,2.7043,2.4102,
1856,2.3931,2.4023,2.7402,2.4456,
1857,2.3933,2.4026,2.7405,2.4458,
1858,2.3933,2.4026,2.7412,2.4463,
1859,2.3938,2.4028,2.7415,2.4463,
1860,2.3940,2.4031,2.7417,2.4465,
1861,2.3940,2.4036,2.7419,2.4468,
1862,2.3943,2.4036,2.7427,2.4468,
1863,2.3945,2.4038,2.7429,2.4470,
1864,2.3948,2.4041,2.7432,2.4473,
1865,2.3948,2.4043,2.7434,2.4475,
1866,2.3950,2.4043,2.7439,2.4475,
1867,2.3955,2.4045,2.7444,2.4480,
1868,2.3958,2.4050,2.7446,2.4482,
1869,2.3958,2.4053,2.7449,2.4485,
1870,2.3960,2.4053,2.7454,2.4485,
1871,2.3962,2.4055,2.7458,2.4487,
1872,2.3965,2.4058,2.7461,2.4490,
1873,2.3965,2.4060,2.7463,2.4495,
1874,2.3967,2.4060,2.7468,2.4495,
1875,2.3972,2.4062,2.7471,2.4497,
1876,2.3972,2.4067,2.7476,2.4500,
1877,2.3975,2.4067,2.7478,2.4502,
1878,2.3977,2.4070,2.7483,2.4502,
1879,2.3979,2.4072,2.7485,2.4504,
1880,2.3979,2.4075,2.7490,2.4507,
1881,2.3982,2.4075,2.7493,2.4512,
1882,2.3987,2.4077,2.7498,2.4512,
1883,2.3989,2.4082,2.7500,2.4514,
1884,2.3989,2.4084,2.7502,2.4517,
1885,2.3992,2.4084,2.7510,2.4519,
1886,2.3994,2.4087,2.7512,2.4519,
1887,2.3994,2.4089,2.7515,2.4521,
1888,2.4341,2.4443,2.7869,2.4873,
1889,2.4343,2.4443,2.7876,2.4875,
1890,2.4343,2.4446,2.7878,2.4875,
1891,2.4346,2.4451,2.7881,2.4880,
1892,2.4348,2.4453,2.7886,2.4883,
1893,2.4351,2.4453,2.7891,2.4885,
1894,2.4351,2.4456,2.7896,2.4885,
1895,2.4355,2.4458,2.7898,2.4888,
1896,2.4358,2.4460,2.7900,2.4890,
1897,2.4360,2.4460,2.7908,2.4895,
1898,2.4360,2.4465,2.7910,2.4895,
1899,2.4363,2.4468,2.7913,2.4897,
1900,2.4365,2.4470,2.7917,2.4900,
1901,2.4370,2.4470,2.7922,2.4902,
1902,2.4370,2.4473,2.7925,2.4902,
1903,2.4373,2.4475,2.7927,2.4905,
1904,2.4375,2.4478,2.7932,2.4907,
1905,2.4377,2.4478,2.7935,2.4912,
1906,2.4377,2.4482,2.7939,2.4912,
1907,2.4380,2.4485,2.7944,2.4915,
1908,2.4382,2.4487,2.7947,2.4917,
1909,2.4382,2.4487,2.7949,2.4919,
1910,2.4387,2.4490,2.7954,2.4919,
1911,2.4390,2.4492,2.7959,2.4922,
1912,2.4392,2.4495,2.7961,2.4927,
1913,2.4392,2.4495,2.7966,2.4929,
1914,2.4395,2.4500,2.7971,2.4929,
1915,2.4397,2.4502,2.7974,2.4932,
1916,2.4402,2.4504,2.7976,2.4934,
1917,2.4402,2.4504,2.7981,2.4937,
1918,2.4404,2.4507,2.7983,2.4937,
1919,2.4407,2.4509,2.7991,2.4939,
1920,2.4749,2.4866,2.8345,2.5298,
1921,2.4753,2.4866,2.8347,2.5300,
1922,2.4756,2.4868,2.8354,2.5303,
1923,2.4758,2.4871,2.8357,2.5303,
1924,2.4758,2.4873,2.8359,2.5305,
1925,2.4761,2.4873,2.8364,2.5310,
1926,2.4763,2.4875,2.8367,2.5312,
1927,2.4766,2.4878,2.8372,2.5312,
1928,2.4766,2.4883,2.8374,2.5315,
1929,2.4771,2.4883,2.8379,2.5317,
1930,2.4773,2.4885,2.8381,2.5320,
1931,2.4775,2.4888,2.8386,2.5320,
1932,2.4775,2.4890,2.8391,2.5322,
1933,2.4778,2.4890,2.8394,2.5327,
1934,2.4780,2.4893,2.8396,2.5330,
1935,2.4783,2.4897,2.8403,2.5332,
1936,2.4783,2.4900,2.8406,2.5332,
1937,2.4788,2.4900,2.8408,2.5334,
1938,2.4790,2.4902,2.8413,2.5337,
1939,2.4792,2.4905,2.8418,2.5339,
1940,2.4792,2.4907,2.8420,2.5339,
1941,2.4795,2.4907,2.8425,2.5344,
1942,2.4797,2.4910,2.8428,2.5347,
1943,2.4802,2.4915,2.8430,2.5349,
1944,2.4802,2.4917,2.8435,2.5349,
1945,2.4805,2.4917,2.8440,2.5352,
1946,2.4807,2.4919,2.8442,2.5354,
1947,2.4810,2.4922,2.8445,2.5359,
1948,2.4810,2.4924,2.8452,2.5359,
1949,2.4812,2.4924,2.8455,2.5361,
1950,2.4814,2.4929,2.8457,2.5364,
1951,2.4814,2.4932,2.8462,2.5366,
1952,2.5164,2.5283,2.8813,2.5718,
1953,2.5166,2.5283,2.8818,2.5718,
1954,2.5171,2.5286,2.8823,2.5720,
1955,2.5171,2.5288,2.8826,2.5723,
1956,2.5173,2.5291,2.8828,2.5728,
1957,2.5176,2.5291,2.8831,2.5728,
1958,2.5176,2.5293,2.8838,2.5730,
1959,2.5178,2.5298,2.8840,2.5732,
1960,2.5181,2.5300,2.8843,2.5735,
1961,2.5186,2.5300,2.8845,2.5735,
1962,2.5186,2.5303,2.8853,2.5737,
1963,2.5188,2.5305,2.8855,2.5742,
1964,2.5190,2.5308,2.8857,2.5745,
1965,2.5193,2.5308,2.8860,2.5745,
1966,2.5193,2.5310,2.8867,2.5747,
1967,2.5195,2.5315,2.8870,2.5750,
1968,2.5198,2.5317,2.8872,2.5752,
1969,2.5203,2.5317,2.8875,2.5752,
1970,2.5203,2.5320,2.8882,2.5754,
1971,2.5205,2.5322,2.8884,2.5759,
1972,2.5208,2.5325,2.8887,2.5762,
1973,2.5210,2.5325,2.8889,2.5762,
1974,2.5210,2.5330,2.8894,2.5764,
1975,2.5212,2.5332,2.8899,2.5767,
1976,2.5217,2.5334,2.8901,2.5769,
1977,2.5217,2.5334,2.8906,2.5769,
1978,2.5220,2.5337,2.8909,2.5774,
1979,2.5222,2.5339,2.8914,2.5776,
1980,2.5225,2.5342,2.8918,2.5779,
1981,2.5225,2.5342,2.8921,2.5779,
1982,2.5227,2.5347,2.8923,2.5781,
1983,2.5229,2.5349,2.8926,2.5784,
1984,2.5576,2.5703,2.9282,2.6143,
1985,2.5579,2.5703,2.9285,2.6143,
1986,2.5581,2.5706,2.9287,2.6145,
1987,2.5581,2.5708,2.9292,2.6147,
1988,2.5586,2.5713,2.9294,2.6150,
1989,2.5588,2.5713,2.9302,2.6150,
1990,2.5591,2.5715,2.9304,2.6152,
1991,2.5591,2.5718,2.9307,2.6155,
1992,2.5593,2.5720,2.9314,2.6160,
1993,2.5596,2.5723,2.9316,2.6162,
1994,2.5598,2.5723,2.9319,2.6162,
1995,2.5598,2.5725,2.9324,2.6165,
1996,2.5603,2.5730,2.9326,2.6167,
1997,2.5605,2.5732,2.9331,2.6169,
1998,2.5608,2.5732,2.9336,2.6169,
1999,2.5608,2.5735,2.9338,2.6174,
2000,2.5610,2.5737,2.9341,2.6177,
2001,2.5613,2.5740,2.9348,2.6179,
2002,2.5618,2.5740,2.9351,2.6179,
2003,2.5618,2.5745,2.9353,2.6182,
2004,2.5620,2.5747,2.9358,2.6184,
2005,2.5623,2.5750,2.9363,2.6187,
2006,2.5625,2.5752,2.9365,2.6191,
2007,2.5625,2.5752,2.9370,2.6191,
2008,2.5627,2.5754,2.9373,2.6194,
2009,2.5630,2.5757,2.9377,2.6196,
2010,2.5635,2.5762,2.9382,2.6199,
2011,2.5635,2.5762,2.9385,2.6199,
2012,2.5637,2.5764,2.9390,2.6201,
2013,2.5640,2.5767,2.9395,2.6206,
2014,2.5642,2.5769,2.9397,2.6208,
2015,2.5642,2.5769,2.9402,2.6208,
2016,2.5996,2.6123,2.9756,2.6565,
2017,2.5996,2.6125,2.9758,2.6567,
2018,2.6001,2.6130,2.9766,2.6567,
2019,2.6003,2.6130,2.9768,2.6570,
2020,2.6006,2.6133,2.9771,2.6575,
2021,2.6006,2.6135,2.9778,2.6577,
2022,2.6008,2.6138,2.9780,2.6577,
2023,2.6011,2.6138,2.9783,2.6580,
2024,2.6013,2.6140,2.9785,2.6582,
2025,2.6013,2.6145,2.9790,2.6584,
2026,2.6018,2.6147,2.9797,2.6584,
2027,2.6021,2.6147,2.9800,2.6587,
2028,2.6023,2.6150,2.9802,2.6592,
2029,2.6023,2.6152,2.9805,2.6594,
2030,2.6025,2.6155,2.9812,2.6594,
2031,2.6028,2.6155,2.9814,2.6597,
2032,2.6030,2.6157,2.9817,2.6599,
2033,2.6030,2.6162,2.9822,2.6602,
2034,2.6035,2.6165,2.9827,2.6602,
2035,2.6038,2.6165,2.9829,2.6606,
2036,2.6040,2.6167,2.9834,2.6609,
2037,2.6040,2.6169,2.9836,2.6611,
2038,2.6042,2.6172,2.9841,2.6611,
2039,2.6045,2.6172,2.9846,2.6614,
2040,2.6045,2.6177,2.9849,2.6616,
2041,2.6050,2.6179,2.9851,2.6619,
2042,2.6052,2.6182,2.9858,2.6619,
2043,2.6055,2.6182,2.9861,2.6624,
2044,2.6055,2.6184,2.9863,2.6626,
2045,2.6057,2.6187,2.9868,2.6628,
2046,2.6060,2.6189,2.9873,2.6628,
2047,2.6062,2.6189,2.9875,2.6631,
2048,2.6409,2.6545,3.0232,0.0000,
